protocol,method,instance,seed,feasible,rep_violation,pair_violation,violation,evaluations,seconds,blocks_json
equal_evaluations,QIMA,"(7,7,3,3,1)",0,1,0,0,0,916,0.40793014600001243,"[[0, 1, 2], [0, 3, 5], [0, 4, 6], [1, 3, 4], [1, 5, 6], [2, 3, 6], [2, 4, 5]]"
equal_evaluations,GA,"(7,7,3,3,1)",0,1,0,0,0,160,0.04475623700000142,"[[0, 1, 5], [0, 2, 6], [0, 3, 4], [1, 2, 4], [1, 3, 6], [2, 3, 5], [4, 5, 6]]"
equal_evaluations,SA,"(7,7,3,3,1)",0,1,0,0,0,3468,0.32633610499999577,"[[0, 1, 3], [0, 2, 4], [0, 5, 6], [1, 2, 5], [1, 4, 6], [2, 3, 6], [3, 4, 5]]"
equal_evaluations,QIMA,"(7,7,3,3,1)",1,1,0,0,0,1672,0.7131805349999922,"[[0, 1, 3], [0, 2, 5], [0, 4, 6], [1, 2, 4], [1, 5, 6], [2, 3, 6], [3, 4, 5]]"
equal_evaluations,GA,"(7,7,3,3,1)",1,1,0,0,0,120,0.035128065999970204,"[[0, 1, 6], [0, 2, 5], [0, 3, 4], [1, 2, 4], [1, 3, 5], [2, 3, 6], [4, 5, 6]]"
equal_evaluations,SA,"(7,7,3,3,1)",1,1,0,0,0,2082,0.2064724509999678,"[[0, 1, 4], [0, 2, 3], [0, 5, 6], [1, 2, 6], [1, 3, 5], [2, 4, 5], [3, 4, 6]]"
equal_evaluations,QIMA,"(7,7,3,3,1)",2,1,0,0,0,482,0.23049978400001692,"[[0, 1, 5], [0, 2, 3], [0, 4, 6], [1, 2, 6], [1, 3, 4], [2, 4, 5], [3, 5, 6]]"
equal_evaluations,GA,"(7,7,3,3,1)",2,1,0,0,0,440,0.11281959899997673,"[[0, 1, 3], [0, 2, 5], [0, 4, 6], [1, 2, 6], [1, 4, 5], [2, 3, 4], [3, 5, 6]]"
equal_evaluations,SA,"(7,7,3,3,1)",2,1,0,0,0,731,0.07730480399993667,"[[0, 1, 2], [0, 3, 4], [0, 5, 6], [1, 3, 6], [1, 4, 5], [2, 3, 5], [2, 4, 6]]"
equal_evaluations,QIMA,"(7,7,3,3,1)",3,1,0,0,0,25,0.01895436300003439,"[[0, 1, 6], [0, 2, 5], [0, 3, 4], [1, 2, 4], [1, 3, 5], [2, 3, 6], [4, 5, 6]]"
equal_evaluations,GA,"(7,7,3,3,1)",3,1,0,0,0,80,0.02500717199995961,"[[0, 1, 5], [0, 2, 6], [0, 3, 4], [1, 2, 4], [1, 3, 6], [2, 3, 5], [4, 5, 6]]"
equal_evaluations,SA,"(7,7,3,3,1)",3,1,0,0,0,7003,0.6782708759999423,"[[0, 1, 5], [0, 2, 4], [0, 3, 6], [1, 2, 3], [1, 4, 6], [2, 5, 6], [3, 4, 5]]"
equal_evaluations,QIMA,"(7,7,3,3,1)",4,1,0,0,0,916,0.3850236019999329,"[[0, 1, 4], [0, 2, 6], [0, 3, 5], [1, 2, 5], [1, 3, 6], [2, 3, 4], [4, 5, 6]]"
equal_evaluations,GA,"(7,7,3,3,1)",4,1,0,0,0,240,0.059285606999992524,"[[0, 1, 3], [0, 2, 4], [0, 5, 6], [1, 2, 6], [1, 4, 5], [2, 3, 5], [3, 4, 6]]"
equal_evaluations,SA,"(7,7,3,3,1)",4,1,0,0,0,6379,0.6028097490000164,"[[0, 1, 3], [0, 2, 4], [0, 5, 6], [1, 2, 6], [1, 4, 5], [2, 3, 5], [3, 4, 6]]"
equal_evaluations,QIMA,"(7,7,3,3,1)",5,1,0,0,0,169,0.05329823500005659,"[[0, 1, 3], [0, 2, 4], [0, 5, 6], [1, 2, 6], [1, 4, 5], [2, 3, 5], [3, 4, 6]]"
equal_evaluations,GA,"(7,7,3,3,1)",5,1,0,0,0,120,0.03263028700007453,"[[0, 1, 6], [0, 2, 5], [0, 3, 4], [1, 2, 3], [1, 4, 5], [2, 4, 6], [3, 5, 6]]"
equal_evaluations,SA,"(7,7,3,3,1)",5,1,0,0,0,6627,0.6216216210000312,"[[0, 1, 6], [0, 2, 5], [0, 3, 4], [1, 2, 3], [1, 4, 5], [2, 4, 6], [3, 5, 6]]"
equal_evaluations,QIMA,"(7,7,3,3,1)",6,1,0,0,0,25,0.01681238600008328,"[[0, 1, 2], [0, 3, 6], [0, 4, 5], [1, 3, 4], [1, 5, 6], [2, 3, 5], [2, 4, 6]]"
equal_evaluations,GA,"(7,7,3,3,1)",6,1,0,0,0,120,0.031212484000093355,"[[0, 1, 4], [0, 2, 5], [0, 3, 6], [1, 2, 6], [1, 3, 5], [2, 3, 4], [4, 5, 6]]"
equal_evaluations,SA,"(7,7,3,3,1)",6,1,0,0,0,78,0.0075215670000261525,"[[0, 1, 5], [0, 2, 4], [0, 3, 6], [1, 2, 3], [1, 4, 6], [2, 5, 6], [3, 4, 5]]"
equal_evaluations,QIMA,"(7,7,3,3,1)",7,1,0,0,0,169,0.05024653500004206,"[[0, 1, 6], [0, 2, 3], [0, 4, 5], [1, 2, 4], [1, 3, 5], [2, 5, 6], [3, 4, 6]]"
equal_evaluations,GA,"(7,7,3,3,1)",7,1,0,0,0,160,0.04077248999999483,"[[0, 1, 5], [0, 2, 3], [0, 4, 6], [1, 2, 6], [1, 3, 4], [2, 4, 5], [3, 5, 6]]"
equal_evaluations,SA,"(7,7,3,3,1)",7,1,0,0,0,4494,0.41435129399997095,"[[0, 1, 6], [0, 2, 5], [0, 3, 4], [1, 2, 4], [1, 3, 5], [2, 3, 6], [4, 5, 6]]"
equal_evaluations,QIMA,"(7,7,3,3,1)",8,1,0,0,0,410,0.15342396500000177,"[[0, 1, 2], [0, 3, 5], [0, 4, 6], [1, 3, 6], [1, 4, 5], [2, 3, 4], [2, 5, 6]]"
equal_evaluations,GA,"(7,7,3,3,1)",8,1,0,0,0,160,0.04030312600002617,"[[0, 1, 4], [0, 2, 6], [0, 3, 5], [1, 2, 5], [1, 3, 6], [2, 3, 4], [4, 5, 6]]"
equal_evaluations,SA,"(7,7,3,3,1)",8,1,0,0,0,379,0.03667123399998218,"[[0, 1, 6], [0, 2, 3], [0, 4, 5], [1, 2, 5], [1, 3, 4], [2, 4, 6], [3, 5, 6]]"
equal_evaluations,QIMA,"(7,7,3,3,1)",9,1,0,0,0,241,0.09998035199998867,"[[0, 1, 2], [0, 3, 5], [0, 4, 6], [1, 3, 4], [1, 5, 6], [2, 3, 6], [2, 4, 5]]"
equal_evaluations,GA,"(7,7,3,3,1)",9,1,0,0,0,80,0.022169938000047296,"[[0, 1, 2], [0, 3, 4], [0, 5, 6], [1, 3, 6], [1, 4, 5], [2, 3, 5], [2, 4, 6]]"
equal_evaluations,SA,"(7,7,3,3,1)",9,1,0,0,0,4080,0.3966416460000346,"[[0, 1, 6], [0, 2, 3], [0, 4, 5], [1, 2, 5], [1, 3, 4], [2, 4, 6], [3, 5, 6]]"
equal_evaluations,QIMA,"(6,10,5,3,2)",0,1,0,0,0,25,0.023555537999982334,"[[0, 1, 2], [0, 1, 3], [0, 2, 4], [0, 3, 5], [0, 4, 5], [1, 2, 5], [1, 3, 4], [1, 4, 5], [2, 3, 4], [2, 3, 5]]"
equal_evaluations,GA,"(6,10,5,3,2)",0,1,0,0,0,80,0.03080980900006125,"[[0, 1, 4], [0, 1, 5], [0, 2, 3], [0, 2, 4], [0, 3, 5], [1, 2, 3], [1, 2, 5], [1, 3, 4], [2, 4, 5], [3, 4, 5]]"
equal_evaluations,SA,"(6,10,5,3,2)",0,1,0,0,0,1970,0.20699653900010162,"[[0, 1, 2], [0, 1, 4], [0, 2, 5], [0, 3, 4], [0, 3, 5], [1, 2, 3], [1, 3, 5], [1, 4, 5], [2, 3, 4], [2, 4, 5]]"
equal_evaluations,QIMA,"(6,10,5,3,2)",1,1,0,0,0,675,0.3785814279999613,"[[0, 1, 2], [0, 1, 5], [0, 2, 3], [0, 3, 4], [0, 4, 5], [1, 2, 4], [1, 3, 4], [1, 3, 5], [2, 3, 5], [2, 4, 5]]"
equal_evaluations,GA,"(6,10,5,3,2)",1,1,0,0,0,80,0.0308157020000408,"[[0, 1, 2], [0, 1, 5], [0, 2, 3], [0, 3, 4], [0, 4, 5], [1, 2, 4], [1, 3, 4], [1, 3, 5], [2, 3, 5], [2, 4, 5]]"
equal_evaluations,SA,"(6,10,5,3,2)",1,1,0,0,0,2470,0.2612278489999653,"[[0, 1, 3], [0, 1, 4], [0, 2, 4], [0, 2, 5], [0, 3, 5], [1, 2, 3], [1, 2, 5], [1, 4, 5], [2, 3, 4], [3, 4, 5]]"
equal_evaluations,QIMA,"(6,10,5,3,2)",2,1,0,0,0,651,0.34309612599997763,"[[0, 1, 2], [0, 1, 5], [0, 2, 3], [0, 3, 4], [0, 4, 5], [1, 2, 4], [1, 3, 4], [1, 3, 5], [2, 3, 5], [2, 4, 5]]"
equal_evaluations,GA,"(6,10,5,3,2)",2,1,0,0,0,40,0.015590498000051412,"[[0, 1, 2], [0, 1, 4], [0, 2, 5], [0, 3, 4], [0, 3, 5], [1, 2, 3], [1, 3, 5], [1, 4, 5], [2, 3, 4], [2, 4, 5]]"
equal_evaluations,SA,"(6,10,5,3,2)",2,1,0,0,0,5034,0.5004417510000394,"[[0, 1, 3], [0, 1, 4], [0, 2, 4], [0, 2, 5], [0, 3, 5], [1, 2, 3], [1, 2, 5], [1, 4, 5], [2, 3, 4], [3, 4, 5]]"
equal_evaluations,QIMA,"(6,10,5,3,2)",3,1,0,0,0,434,0.21177473199998076,"[[0, 1, 2], [0, 1, 5], [0, 2, 3], [0, 3, 4], [0, 4, 5], [1, 2, 4], [1, 3, 4], [1, 3, 5], [2, 3, 5], [2, 4, 5]]"
equal_evaluations,GA,"(6,10,5,3,2)",3,1,0,0,0,800,0.20894464899993181,"[[0, 1, 2], [0, 1, 5], [0, 2, 3], [0, 3, 4], [0, 4, 5], [1, 2, 4], [1, 3, 4], [1, 3, 5], [2, 3, 5], [2, 4, 5]]"
equal_evaluations,SA,"(6,10,5,3,2)",3,1,0,0,0,4593,0.4824761769999668,"[[0, 1, 3], [0, 1, 5], [0, 2, 3], [0, 2, 4], [0, 4, 5], [1, 2, 4], [1, 2, 5], [1, 3, 4], [2, 3, 5], [3, 4, 5]]"
equal_evaluations,QIMA,"(6,10,5,3,2)",4,1,0,0,0,989,0.5543165420000378,"[[0, 1, 2], [0, 1, 4], [0, 2, 3], [0, 3, 5], [0, 4, 5], [1, 2, 5], [1, 3, 4], [1, 3, 5], [2, 3, 4], [2, 4, 5]]"
equal_evaluations,GA,"(6,10,5,3,2)",4,1,0,0,0,120,0.03413057900002059,"[[0, 1, 4], [0, 1, 5], [0, 2, 3], [0, 2, 4], [0, 3, 5], [1, 2, 3], [1, 2, 5], [1, 3, 4], [2, 4, 5], [3, 4, 5]]"
equal_evaluations,SA,"(6,10,5,3,2)",4,1,0,0,0,2363,0.23229764500001693,"[[0, 1, 2], [0, 1, 4], [0, 2, 3], [0, 3, 5], [0, 4, 5], [1, 2, 5], [1, 3, 4], [1, 3, 5], [2, 3, 4], [2, 4, 5]]"
equal_evaluations,QIMA,"(6,10,5,3,2)",5,1,0,0,0,217,0.1076603139999861,"[[0, 1, 2], [0, 1, 5], [0, 2, 3], [0, 3, 4], [0, 4, 5], [1, 2, 4], [1, 3, 4], [1, 3, 5], [2, 3, 5], [2, 4, 5]]"
equal_evaluations,GA,"(6,10,5,3,2)",5,1,0,0,0,120,0.035362478000024566,"[[0, 1, 3], [0, 1, 4], [0, 2, 4], [0, 2, 5], [0, 3, 5], [1, 2, 3], [1, 2, 5], [1, 4, 5], [2, 3, 4], [3, 4, 5]]"
equal_evaluations,SA,"(6,10,5,3,2)",5,1,0,0,0,579,0.05611041200006639,"[[0, 1, 4], [0, 1, 5], [0, 2, 3], [0, 2, 4], [0, 3, 5], [1, 2, 3], [1, 2, 5], [1, 3, 4], [2, 4, 5], [3, 4, 5]]"
equal_evaluations,QIMA,"(6,10,5,3,2)",6,1,0,0,0,1816,0.9441069819999939,"[[0, 1, 2], [0, 1, 4], [0, 2, 3], [0, 3, 5], [0, 4, 5], [1, 2, 5], [1, 3, 4], [1, 3, 5], [2, 3, 4], [2, 4, 5]]"
equal_evaluations,GA,"(6,10,5,3,2)",6,1,0,0,0,240,0.0637930510000615,"[[0, 1, 3], [0, 1, 4], [0, 2, 3], [0, 2, 5], [0, 4, 5], [1, 2, 4], [1, 2, 5], [1, 3, 5], [2, 3, 4], [3, 4, 5]]"
equal_evaluations,SA,"(6,10,5,3,2)",6,1,0,0,0,6589,0.6532394759999534,"[[0, 1, 2], [0, 1, 3], [0, 2, 5], [0, 3, 4], [0, 4, 5], [1, 2, 4], [1, 3, 5], [1, 4, 5], [2, 3, 4], [2, 3, 5]]"
equal_evaluations,QIMA,"(6,10,5,3,2)",7,1,0,0,0,892,0.4584406430000172,"[[0, 1, 2], [0, 1, 5], [0, 2, 3], [0, 3, 4], [0, 4, 5], [1, 2, 4], [1, 3, 4], [1, 3, 5], [2, 3, 5], [2, 4, 5]]"
equal_evaluations,GA,"(6,10,5,3,2)",7,1,0,0,0,120,0.03554720500005715,"[[0, 1, 2], [0, 1, 3], [0, 2, 5], [0, 3, 4], [0, 4, 5], [1, 2, 4], [1, 3, 5], [1, 4, 5], [2, 3, 4], [2, 3, 5]]"
equal_evaluations,SA,"(6,10,5,3,2)",7,1,0,0,0,5039,0.4976602250000042,"[[0, 1, 3], [0, 1, 4], [0, 2, 4], [0, 2, 5], [0, 3, 5], [1, 2, 3], [1, 2, 5], [1, 4, 5], [2, 3, 4], [3, 4, 5]]"
equal_evaluations,QIMA,"(6,10,5,3,2)",8,1,0,0,0,748,0.4873176059999196,"[[0, 1, 4], [0, 1, 5], [0, 2, 3], [0, 2, 4], [0, 3, 5], [1, 2, 3], [1, 2, 5], [1, 3, 4], [2, 4, 5], [3, 4, 5]]"
equal_evaluations,GA,"(6,10,5,3,2)",8,1,0,0,0,80,0.03143301299996892,"[[0, 1, 3], [0, 1, 4], [0, 2, 3], [0, 2, 5], [0, 4, 5], [1, 2, 4], [1, 2, 5], [1, 3, 5], [2, 3, 4], [3, 4, 5]]"
equal_evaluations,SA,"(6,10,5,3,2)",8,1,0,0,0,2280,0.24688254499994855,"[[0, 1, 4], [0, 1, 5], [0, 2, 3], [0, 2, 4], [0, 3, 5], [1, 2, 3], [1, 2, 5], [1, 3, 4], [2, 4, 5], [3, 4, 5]]"
equal_evaluations,QIMA,"(6,10,5,3,2)",9,1,0,0,0,482,0.25397166400000515,"[[0, 1, 3], [0, 1, 5], [0, 2, 3], [0, 2, 4], [0, 4, 5], [1, 2, 4], [1, 2, 5], [1, 3, 4], [2, 3, 5], [3, 4, 5]]"
equal_evaluations,GA,"(6,10,5,3,2)",9,1,0,0,0,560,0.15676495100001375,"[[0, 1, 3], [0, 1, 5], [0, 2, 3], [0, 2, 4], [0, 4, 5], [1, 2, 4], [1, 2, 5], [1, 3, 4], [2, 3, 5], [3, 4, 5]]"
equal_evaluations,SA,"(6,10,5,3,2)",9,1,0,0,0,7328,0.7485381340000004,"[[0, 1, 4], [0, 1, 5], [0, 2, 3], [0, 2, 5], [0, 3, 4], [1, 2, 3], [1, 2, 4], [1, 3, 5], [2, 4, 5], [3, 4, 5]]"
equal_evaluations,QIMA,"(9,12,4,3,1)",0,1,0,0,0,9875,5.715393433000031,"[[0, 1, 2], [0, 3, 6], [0, 4, 5], [0, 7, 8], [1, 3, 5], [1, 4, 7], [1, 6, 8], [2, 3, 7], [2, 4, 6], [2, 5, 8], [3, 4, 8], [5, 6, 7]]"
equal_evaluations,GA,"(9,12,4,3,1)",0,1,0,0,0,7160,2.0580133610000075,"[[0, 1, 8], [0, 2, 4], [0, 3, 6], [0, 5, 7], [1, 2, 6], [1, 3, 7], [1, 4, 5], [2, 3, 5], [2, 7, 8], [3, 4, 8], [4, 6, 7], [5, 6, 8]]"
equal_evaluations,SA,"(9,12,4,3,1)",0,0,0,6,6,12000,1.3719837920000373,"[[0, 1, 6], [0, 2, 4], [0, 3, 8], [0, 6, 7], [1, 2, 8], [1, 3, 4], [1, 5, 7], [2, 3, 5], [2, 3, 7], [4, 5, 6], [4, 7, 8], [5, 6, 8]]"
equal_evaluations,QIMA,"(9,12,4,3,1)",1,1,0,0,0,1455,0.952732443000059,"[[0, 1, 7], [0, 2, 6], [0, 3, 5], [0, 4, 8], [1, 2, 5], [1, 3, 4], [1, 6, 8], [2, 3, 8], [2, 4, 7], [3, 6, 7], [4, 5, 6], [5, 7, 8]]"
equal_evaluations,GA,"(9,12,4,3,1)",1,1,0,0,0,2040,0.5918070930000567,"[[0, 1, 6], [0, 2, 3], [0, 4, 5], [0, 7, 8], [1, 2, 8], [1, 3, 5], [1, 4, 7], [2, 4, 6], [2, 5, 7], [3, 4, 8], [3, 6, 7], [5, 6, 8]]"
equal_evaluations,SA,"(9,12,4,3,1)",1,0,0,4,4,12000,1.341652286999988,"[[0, 1, 8], [0, 2, 7], [0, 3, 4], [0, 5, 6], [1, 2, 6], [1, 3, 7], [1, 4, 5], [2, 3, 5], [2, 4, 8], [3, 4, 6], [5, 7, 8], [6, 7, 8]]"
equal_evaluations,QIMA,"(9,12,4,3,1)",2,0,0,6,6,12000,6.748134195000034,"[[0, 1, 8], [0, 2, 6], [0, 3, 7], [0, 4, 5], [1, 2, 4], [1, 3, 6], [1, 5, 6], [2, 3, 5], [2, 4, 7], [3, 4, 8], [5, 7, 8], [6, 7, 8]]"
equal_evaluations,GA,"(9,12,4,3,1)",2,1,0,0,0,1680,0.515940205999982,"[[0, 1, 5], [0, 2, 3], [0, 4, 6], [0, 7, 8], [1, 2, 6], [1, 3, 8], [1, 4, 7], [2, 4, 8], [2, 5, 7], [3, 4, 5], [3, 6, 7], [5, 6, 8]]"
equal_evaluations,SA,"(9,12,4,3,1)",2,0,0,4,4,12000,1.358986912999967,"[[0, 1, 8], [0, 2, 3], [0, 4, 7], [0, 5, 6], [1, 2, 4], [1, 2, 7], [1, 3, 5], [2, 6, 8], [3, 4, 6], [3, 7, 8], [4, 5, 8], [5, 6, 7]]"
equal_evaluations,QIMA,"(9,12,4,3,1)",3,0,0,4,4,12000,7.146055598999965,"[[0, 1, 8], [0, 2, 6], [0, 3, 4], [0, 5, 7], [1, 2, 4], [1, 4, 7], [1, 5, 6], [2, 3, 5], [2, 7, 8], [3, 6, 7], [3, 6, 8], [4, 5, 8]]"
equal_evaluations,GA,"(9,12,4,3,1)",3,1,0,0,0,3520,1.2035521870000139,"[[0, 1, 5], [0, 2, 8], [0, 3, 7], [0, 4, 6], [1, 2, 3], [1, 4, 7], [1, 6, 8], [2, 4, 5], [2, 6, 7], [3, 4, 8], [3, 5, 6], [5, 7, 8]]"
equal_evaluations,SA,"(9,12,4,3,1)",3,0,0,4,4,12000,1.4120677749999686,"[[0, 1, 3], [0, 2, 6], [0, 4, 5], [0, 7, 8], [1, 2, 8], [1, 4, 7], [1, 5, 6], [2, 4, 8], [2, 5, 7], [3, 4, 6], [3, 5, 8], [3, 6, 7]]"
equal_evaluations,QIMA,"(9,12,4,3,1)",4,0,0,4,4,12000,6.973670587000015,"[[0, 1, 8], [0, 3, 4], [0, 5, 6], [0, 6, 7], [1, 2, 7], [1, 3, 5], [1, 4, 6], [2, 3, 6], [2, 4, 8], [2, 5, 8], [3, 7, 8], [4, 5, 7]]"
equal_evaluations,GA,"(9,12,4,3,1)",4,1,0,0,0,1920,0.589465945000029,"[[0, 1, 8], [0, 2, 7], [0, 3, 4], [0, 5, 6], [1, 2, 6], [1, 3, 5], [1, 4, 7], [2, 3, 8], [2, 4, 5], [3, 6, 7], [4, 6, 8], [5, 7, 8]]"
equal_evaluations,SA,"(9,12,4,3,1)",4,0,0,4,4,12000,1.4262616030000572,"[[0, 1, 4], [0, 2, 3], [0, 5, 6], [0, 7, 8], [1, 2, 5], [1, 3, 7], [1, 6, 8], [2, 4, 7], [2, 6, 8], [3, 4, 6], [3, 5, 8], [4, 5, 7]]"
equal_evaluations,QIMA,"(9,12,4,3,1)",5,0,0,4,4,12000,7.022927076999963,"[[0, 1, 4], [0, 2, 5], [0, 3, 8], [0, 6, 7], [1, 2, 8], [1, 3, 6], [1, 5, 7], [2, 3, 4], [2, 6, 7], [3, 5, 8], [4, 5, 6], [4, 7, 8]]"
equal_evaluations,GA,"(9,12,4,3,1)",5,1,0,0,0,1240,0.3811610019999989,"[[0, 1, 5], [0, 2, 8], [0, 3, 6], [0, 4, 7], [1, 2, 6], [1, 3, 4], [1, 7, 8], [2, 3, 7], [2, 4, 5], [3, 5, 8], [4, 6, 8], [5, 6, 7]]"
equal_evaluations,SA,"(9,12,4,3,1)",5,0,0,4,4,12000,1.4392910480000864,"[[0, 1, 2], [0, 3, 6], [0, 4, 5], [0, 7, 8], [1, 3, 7], [1, 4, 8], [1, 5, 6], [2, 3, 5], [2, 4, 7], [2, 6, 8], [3, 4, 8], [5, 6, 7]]"
equal_evaluations,QIMA,"(9,12,4,3,1)",6,0,0,4,4,12000,6.944682315000023,"[[0, 1, 8], [0, 2, 7], [0, 3, 4], [0, 3, 6], [1, 2, 4], [1, 3, 7], [1, 5, 6], [2, 3, 5], [2, 6, 8], [4, 5, 8], [4, 6, 7], [5, 7, 8]]"
equal_evaluations,GA,"(9,12,4,3,1)",6,1,0,0,0,1440,0.43259811399991577,"[[0, 1, 8], [0, 2, 4], [0, 3, 5], [0, 6, 7], [1, 2, 5], [1, 3, 6], [1, 4, 7], [2, 3, 7], [2, 6, 8], [3, 4, 8], [4, 5, 6], [5, 7, 8]]"
equal_evaluations,SA,"(9,12,4,3,1)",6,0,0,6,6,12000,1.394345544000089,"[[0, 1, 8], [0, 2, 7], [0, 3, 4], [0, 5, 6], [1, 2, 6], [1, 3, 5], [1, 4, 7], [2, 4, 6], [2, 5, 7], [3, 6, 8], [3, 7, 8], [4, 5, 8]]"
equal_evaluations,QIMA,"(9,12,4,3,1)",7,1,0,0,0,11668,6.852621448999912,"[[0, 1, 7], [0, 2, 4], [0, 3, 6], [0, 5, 8], [1, 2, 6], [1, 3, 5], [1, 4, 8], [2, 3, 8], [2, 5, 7], [3, 4, 7], [4, 5, 6], [6, 7, 8]]"
equal_evaluations,GA,"(9,12,4,3,1)",7,1,0,0,0,3440,1.0177267630000415,"[[0, 1, 4], [0, 2, 6], [0, 3, 5], [0, 7, 8], [1, 2, 3], [1, 5, 7], [1, 6, 8], [2, 4, 7], [2, 5, 8], [3, 4, 8], [3, 6, 7], [4, 5, 6]]"
equal_evaluations,SA,"(9,12,4,3,1)",7,0,0,4,4,12000,1.390253854999969,"[[0, 1, 8], [0, 2, 6], [0, 3, 7], [0, 4, 5], [1, 2, 6], [1, 3, 4], [1, 5, 7], [2, 3, 5], [2, 7, 8], [3, 4, 8], [4, 6, 7], [5, 6, 8]]"
equal_evaluations,QIMA,"(9,12,4,3,1)",8,0,0,4,4,12000,6.9138526689999935,"[[0, 1, 6], [0, 2, 3], [0, 4, 5], [0, 7, 8], [1, 2, 5], [1, 3, 8], [1, 4, 7], [2, 3, 6], [2, 4, 8], [3, 5, 7], [4, 6, 7], [5, 6, 8]]"
equal_evaluations,GA,"(9,12,4,3,1)",8,1,0,0,0,2880,0.845732388999977,"[[0, 1, 8], [0, 2, 7], [0, 3, 4], [0, 5, 6], [1, 2, 6], [1, 3, 7], [1, 4, 5], [2, 3, 5], [2, 4, 8], [3, 6, 8], [4, 6, 7], [5, 7, 8]]"
equal_evaluations,SA,"(9,12,4,3,1)",8,0,0,4,4,12000,1.34933129500007,"[[0, 1, 6], [0, 2, 6], [0, 3, 8], [0, 5, 7], [1, 2, 3], [1, 4, 5], [1, 7, 8], [2, 4, 7], [2, 5, 8], [3, 4, 5], [3, 6, 7], [4, 6, 8]]"
equal_evaluations,QIMA,"(9,12,4,3,1)",9,1,0,0,0,10522,5.814581482999984,"[[0, 1, 7], [0, 2, 6], [0, 3, 8], [0, 4, 5], [1, 2, 8], [1, 3, 4], [1, 5, 6], [2, 3, 5], [2, 4, 7], [3, 6, 7], [4, 6, 8], [5, 7, 8]]"
equal_evaluations,GA,"(9,12,4,3,1)",9,1,0,0,0,7720,2.377635196999904,"[[0, 1, 6], [0, 2, 8], [0, 3, 7], [0, 4, 5], [1, 2, 7], [1, 3, 4], [1, 5, 8], [2, 3, 5], [2, 4, 6], [3, 6, 8], [4, 7, 8], [5, 6, 7]]"
equal_evaluations,SA,"(9,12,4,3,1)",9,1,0,0,0,10054,1.2218856090000827,"[[0, 1, 4], [0, 2, 7], [0, 3, 5], [0, 6, 8], [1, 2, 8], [1, 3, 7], [1, 5, 6], [2, 3, 6], [2, 4, 5], [3, 4, 8], [4, 6, 7], [5, 7, 8]]"
equal_evaluations,QIMA,"(7,14,6,3,2)",0,1,0,0,0,7648,5.220426779000036,"[[0, 1, 2], [0, 1, 4], [0, 2, 6], [0, 3, 5], [0, 3, 5], [0, 4, 6], [1, 2, 5], [1, 3, 4], [1, 3, 6], [1, 5, 6], [2, 3, 4], [2, 3, 6], [2, 4, 5], [4, 5, 6]]"
equal_evaluations,GA,"(7,14,6,3,2)",0,1,0,0,0,1240,0.39416850500003875,"[[0, 1, 2], [0, 1, 6], [0, 2, 3], [0, 3, 4], [0, 4, 5], [0, 5, 6], [1, 2, 5], [1, 3, 4], [1, 3, 6], [1, 4, 5], [2, 3, 5], [2, 4, 6], [2, 4, 6], [3, 5, 6]]"
equal_evaluations,SA,"(7,14,6,3,2)",0,1,0,0,0,7375,0.8677487619999056,"[[0, 1, 3], [0, 1, 6], [0, 2, 3], [0, 2, 6], [0, 4, 5], [0, 4, 5], [1, 2, 4], [1, 2, 5], [1, 3, 4], [1, 5, 6], [2, 3, 5], [2, 4, 6], [3, 4, 6], [3, 5, 6]]"
equal_evaluations,QIMA,"(7,14,6,3,2)",1,0,0,4,4,12000,7.957265700999983,"[[0, 1, 5], [0, 1, 5], [0, 2, 3], [0, 2, 4], [0, 3, 6], [0, 4, 6], [1, 2, 3], [1, 2, 6], [1, 3, 5], [1, 4, 6], [2, 4, 5], [2, 5, 6], [3, 4, 5], [3, 4, 6]]"
equal_evaluations,GA,"(7,14,6,3,2)",1,1,0,0,0,1120,0.3443343190000405,"[[0, 1, 2], [0, 1, 6], [0, 2, 5], [0, 3, 4], [0, 3, 6], [0, 4, 5], [1, 2, 3], [1, 3, 5], [1, 4, 5], [1, 4, 6], [2, 3, 4], [2, 4, 6], [2, 5, 6], [3, 5, 6]]"
equal_evaluations,SA,"(7,14,6,3,2)",1,0,0,4,4,12000,1.3630532429999676,"[[0, 1, 3], [0, 1, 6], [0, 2, 4], [0, 2, 5], [0, 2, 6], [0, 3, 5], [1, 2, 4], [1, 2, 5], [1, 3, 4], [1, 5, 6], [2, 3, 6], [3, 4, 5], [3, 4, 6], [4, 5, 6]]"
equal_evaluations,QIMA,"(7,14,6,3,2)",2,1,0,0,0,4579,2.8858383570000115,"[[0, 1, 2], [0, 1, 4], [0, 2, 5], [0, 3, 5], [0, 3, 6], [0, 4, 6], [1, 2, 6], [1, 3, 4], [1, 3, 5], [1, 5, 6], [2, 3, 4], [2, 3, 6], [2, 4, 5], [4, 5, 6]]"
equal_evaluations,GA,"(7,14,6,3,2)",2,1,0,0,0,1320,0.4076240520000738,"[[0, 1, 2], [0, 1, 5], [0, 2, 4], [0, 3, 4], [0, 3, 6], [0, 5, 6], [1, 2, 3], [1, 3, 6], [1, 4, 5], [1, 4, 6], [2, 3, 5], [2, 4, 6], [2, 5, 6], [3, 4, 5]]"
equal_evaluations,SA,"(7,14,6,3,2)",2,1,0,0,0,7661,0.8725134170000501,"[[0, 1, 5], [0, 1, 6], [0, 2, 5], [0, 2, 6], [0, 3, 4], [0, 3, 4], [1, 2, 4], [1, 2, 4], [1, 3, 5], [1, 3, 6], [2, 3, 5], [2, 3, 6], [4, 5, 6], [4, 5, 6]]"
equal_evaluations,QIMA,"(7,14,6,3,2)",3,1,0,0,0,8762,5.585952405999933,"[[0, 1, 3], [0, 1, 4], [0, 2, 4], [0, 2, 6], [0, 3, 5], [0, 5, 6], [1, 2, 5], [1, 2, 6], [1, 3, 6], [1, 4, 5], [2, 3, 4], [2, 3, 5], [3, 4, 6], [4, 5, 6]]"
equal_evaluations,GA,"(7,14,6,3,2)",3,1,0,0,0,400,0.13572709600009603,"[[0, 1, 3], [0, 1, 5], [0, 2, 3], [0, 2, 6], [0, 4, 5], [0, 4, 6], [1, 2, 4], [1, 2, 6], [1, 3, 4], [1, 5, 6], [2, 3, 5], [2, 4, 5], [3, 4, 6], [3, 5, 6]]"
equal_evaluations,SA,"(7,14,6,3,2)",3,1,0,0,0,8858,1.0043231920000153,"[[0, 1, 4], [0, 1, 5], [0, 2, 3], [0, 2, 4], [0, 3, 6], [0, 5, 6], [1, 2, 3], [1, 2, 5], [1, 3, 6], [1, 4, 6], [2, 4, 6], [2, 5, 6], [3, 4, 5], [3, 4, 5]]"
equal_evaluations,QIMA,"(7,14,6,3,2)",4,1,0,0,0,6363,4.081474503999971,"[[0, 1, 3], [0, 1, 4], [0, 2, 5], [0, 2, 6], [0, 3, 5], [0, 4, 6], [1, 2, 5], [1, 2, 6], [1, 3, 6], [1, 4, 5], [2, 3, 4], [2, 3, 4], [3, 5, 6], [4, 5, 6]]"
equal_evaluations,GA,"(7,14,6,3,2)",4,1,0,0,0,1480,0.45322861800002556,"[[0, 1, 3], [0, 1, 6], [0, 2, 3], [0, 2, 6], [0, 4, 5], [0, 4, 5], [1, 2, 4], [1, 2, 5], [1, 3, 4], [1, 5, 6], [2, 3, 5], [2, 4, 6], [3, 4, 6], [3, 5, 6]]"
equal_evaluations,SA,"(7,14,6,3,2)",4,0,0,4,4,12000,1.3308685380000043,"[[0, 1, 2], [0, 1, 2], [0, 3, 5], [0, 3, 6], [0, 4, 5], [0, 4, 6], [1, 2, 4], [1, 3, 5], [1, 4, 6], [1, 5, 6], [2, 3, 4], [2, 3, 6], [2, 5, 6], [3, 4, 5]]"
equal_evaluations,QIMA,"(7,14,6,3,2)",5,1,0,0,0,4343,2.790568035999968,"[[0, 1, 2], [0, 1, 6], [0, 2, 3], [0, 3, 5], [0, 4, 5], [0, 4, 6], [1, 2, 5], [1, 3, 4], [1, 3, 6], [1, 4, 5], [2, 3, 4], [2, 4, 6], [2, 5, 6], [3, 5, 6]]"
equal_evaluations,GA,"(7,14,6,3,2)",5,1,0,0,0,3320,1.041202214000009,"[[0, 1, 3], [0, 1, 4], [0, 2, 5], [0, 2, 5], [0, 3, 6], [0, 4, 6], [1, 2, 3], [1, 2, 6], [1, 4, 5], [1, 5, 6], [2, 3, 4], [2, 4, 6], [3, 4, 5], [3, 5, 6]]"
equal_evaluations,SA,"(7,14,6,3,2)",5,1,0,0,0,9506,1.0765545719999636,"[[0, 1, 2], [0, 1, 3], [0, 2, 5], [0, 3, 6], [0, 4, 5], [0, 4, 6], [1, 2, 6], [1, 3, 5], [1, 4, 5], [1, 4, 6], [2, 3, 4], [2, 3, 4], [2, 5, 6], [3, 5, 6]]"
equal_evaluations,QIMA,"(7,14,6,3,2)",6,1,0,0,0,10213,6.454561978000015,"[[0, 1, 2], [0, 1, 3], [0, 2, 6], [0, 3, 6], [0, 4, 5], [0, 4, 5], [1, 2, 5], [1, 3, 4], [1, 4, 6], [1, 5, 6], [2, 3, 4], [2, 3, 5], [2, 4, 6], [3, 5, 6]]"
equal_evaluations,GA,"(7,14,6,3,2)",6,1,0,0,0,80,0.034365577000016856,"[[0, 1, 2], [0, 1, 5], [0, 2, 4], [0, 3, 4], [0, 3, 6], [0, 5, 6], [1, 2, 6], [1, 3, 4], [1, 3, 5], [1, 4, 6], [2, 3, 5], [2, 3, 6], [2, 4, 5], [4, 5, 6]]"
equal_evaluations,SA,"(7,14,6,3,2)",6,1,0,0,0,9125,1.1316909449999457,"[[0, 1, 5], [0, 1, 6], [0, 2, 5], [0, 2, 6], [0, 3, 4], [0, 3, 4], [1, 2, 3], [1, 2, 4], [1, 3, 6], [1, 4, 5], [2, 3, 5], [2, 4, 6], [3, 5, 6], [4, 5, 6]]"
equal_evaluations,QIMA,"(7,14,6,3,2)",7,1,0,0,0,4086,2.895749495000018,"[[0, 1, 5], [0, 1, 5], [0, 2, 3], [0, 2, 4], [0, 3, 6], [0, 4, 6], [1, 2, 6], [1, 2, 6], [1, 3, 4], [1, 3, 4], [2, 3, 5], [2, 4, 5], [3, 5, 6], [4, 5, 6]]"
equal_evaluations,GA,"(7,14,6,3,2)",7,1,0,0,0,560,0.17885098600004312,"[[0, 1, 3], [0, 1, 6], [0, 2, 5], [0, 2, 6], [0, 3, 4], [0, 4, 5], [1, 2, 4], [1, 2, 5], [1, 3, 5], [1, 4, 6], [2, 3, 4], [2, 3, 6], [3, 5, 6], [4, 5, 6]]"
equal_evaluations,SA,"(7,14,6,3,2)",7,0,0,4,4,12000,1.4491526570000133,"[[0, 1, 3], [0, 1, 5], [0, 2, 4], [0, 2, 5], [0, 3, 6], [0, 4, 6], [1, 2, 3], [1, 2, 4], [1, 3, 5], [1, 4, 6], [2, 3, 6], [2, 5, 6], [3, 4, 5], [4, 5, 6]]"
equal_evaluations,QIMA,"(7,14,6,3,2)",8,0,0,4,4,12000,7.599543564000101,"[[0, 1, 4], [0, 1, 6], [0, 2, 3], [0, 2, 5], [0, 2, 6], [0, 3, 4], [1, 2, 3], [1, 2, 5], [1, 3, 6], [1, 4, 5], [2, 4, 6], [3, 4, 5], [3, 5, 6], [4, 5, 6]]"
equal_evaluations,GA,"(7,14,6,3,2)",8,1,0,0,0,4840,1.4851201909999645,"[[0, 1, 2], [0, 1, 6], [0, 2, 5], [0, 3, 4], [0, 3, 5], [0, 4, 6], [1, 2, 3], [1, 3, 4], [1, 4, 5], [1, 5, 6], [2, 3, 6], [2, 4, 5], [2, 4, 6], [3, 5, 6]]"
equal_evaluations,SA,"(7,14,6,3,2)",8,1,0,0,0,10216,1.135722466000061,"[[0, 1, 2], [0, 1, 6], [0, 2, 4], [0, 3, 4], [0, 3, 5], [0, 5, 6], [1, 2, 3], [1, 3, 5], [1, 4, 5], [1, 4, 6], [2, 3, 6], [2, 4, 5], [2, 5, 6], [3, 4, 6]]"
equal_evaluations,QIMA,"(7,14,6,3,2)",9,1,0,0,0,9194,6.604655502000014,"[[0, 1, 3], [0, 1, 4], [0, 2, 5], [0, 2, 6], [0, 3, 5], [0, 4, 6], [1, 2, 4], [1, 2, 5], [1, 3, 6], [1, 5, 6], [2, 3, 4], [2, 3, 6], [3, 4, 5], [4, 5, 6]]"
equal_evaluations,GA,"(7,14,6,3,2)",9,1,0,0,0,520,0.1705275110000457,"[[0, 1, 2], [0, 1, 4], [0, 2, 5], [0, 3, 4], [0, 3, 6], [0, 5, 6], [1, 2, 3], [1, 3, 5], [1, 4, 6], [1, 5, 6], [2, 3, 6], [2, 4, 5], [2, 4, 6], [3, 4, 5]]"
equal_evaluations,SA,"(7,14,6,3,2)",9,1,0,0,0,3671,0.41487004999999044,"[[0, 1, 2], [0, 1, 6], [0, 2, 3], [0, 3, 4], [0, 4, 5], [0, 5, 6], [1, 2, 4], [1, 3, 5], [1, 3, 6], [1, 4, 5], [2, 3, 5], [2, 4, 6], [2, 5, 6], [3, 4, 6]]"
equal_evaluations,QIMA,"(11,11,5,5,2)",0,0,0,14,14,12000,7.752706397999987,"[[0, 1, 2, 8, 10], [0, 1, 3, 7, 8], [0, 1, 4, 5, 6], [0, 2, 6, 7, 9], [0, 3, 5, 9, 10], [1, 2, 3, 6, 10], [1, 4, 7, 9, 10], [2, 3, 4, 5, 7], [2, 4, 5, 6, 8], [3, 4, 6, 8, 9], [5, 7, 8, 9, 10]]"
equal_evaluations,GA,"(11,11,5,5,2)",0,0,0,8,8,12000,3.6576754849999134,"[[0, 1, 2, 5, 6], [0, 1, 7, 8, 9], [0, 2, 4, 8, 10], [0, 3, 4, 5, 9], [0, 3, 6, 7, 10], [1, 2, 3, 4, 7], [1, 3, 6, 9, 10], [1, 4, 5, 8, 10], [2, 3, 5, 6, 8], [2, 5, 7, 9, 10], [4, 6, 7, 8, 9]]"
equal_evaluations,SA,"(11,11,5,5,2)",0,0,0,14,14,12000,1.3592752189999828,"[[0, 1, 2, 6, 7], [0, 1, 3, 8, 9], [0, 2, 4, 5, 7], [0, 3, 4, 8, 10], [0, 5, 6, 9, 10], [1, 2, 3, 7, 10], [1, 2, 4, 8, 9], [1, 4, 5, 6, 10], [2, 3, 5, 6, 8], [3, 4, 5, 7, 9], [6, 7, 8, 9, 10]]"
equal_evaluations,QIMA,"(11,11,5,5,2)",1,0,0,18,18,12000,8.087555579999957,"[[0, 1, 2, 3, 9], [0, 1, 3, 5, 10], [0, 2, 6, 7, 10], [0, 4, 5, 6, 8], [0, 4, 8, 9, 10], [1, 2, 6, 7, 8], [1, 3, 4, 7, 10], [1, 5, 6, 7, 9], [2, 3, 4, 6, 8], [2, 4, 5, 9, 10], [3, 5, 7, 8, 9]]"
equal_evaluations,GA,"(11,11,5,5,2)",1,0,0,12,12,12000,4.008817532999956,"[[0, 1, 7, 9, 10], [0, 2, 3, 8, 9], [0, 2, 5, 6, 7], [0, 3, 4, 5, 9], [0, 4, 6, 8, 10], [1, 2, 3, 6, 10], [1, 2, 4, 7, 9], [1, 3, 4, 6, 7], [1, 5, 6, 8, 9], [2, 4, 5, 8, 10], [3, 5, 7, 8, 10]]"
equal_evaluations,SA,"(11,11,5,5,2)",1,0,0,16,16,12000,1.4265713679999408,"[[0, 1, 2, 8, 10], [0, 1, 3, 5, 7], [0, 1, 4, 6, 8], [0, 2, 3, 4, 9], [0, 5, 6, 9, 10], [1, 2, 6, 7, 9], [1, 4, 5, 9, 10], [2, 3, 7, 8, 10], [2, 4, 5, 6, 7], [3, 4, 6, 8, 10], [3, 5, 7, 8, 9]]"
equal_evaluations,QIMA,"(11,11,5,5,2)",2,0,0,12,12,12000,7.203947244999995,"[[0, 1, 2, 3, 10], [0, 1, 5, 6, 9], [0, 2, 5, 7, 8], [0, 3, 4, 5, 9], [0, 4, 6, 7, 10], [1, 2, 5, 7, 10], [1, 3, 4, 6, 8], [1, 4, 7, 8, 9], [2, 3, 6, 7, 9], [2, 4, 8, 9, 10], [3, 5, 6, 8, 10]]"
equal_evaluations,GA,"(11,11,5,5,2)",2,1,0,0,0,5120,1.6622400199998992,"[[0, 1, 3, 8, 9], [0, 1, 4, 6, 10], [0, 2, 4, 5, 8], [0, 2, 7, 9, 10], [0, 3, 5, 6, 7], [1, 2, 3, 4, 7], [1, 2, 5, 6, 9], [1, 5, 7, 8, 10], [2, 3, 6, 8, 10], [3, 4, 5, 9, 10], [4, 6, 7, 8, 9]]"
equal_evaluations,SA,"(11,11,5,5,2)",2,0,0,14,14,12000,1.3881514270000253,"[[0, 1, 3, 4, 9], [0, 1, 5, 6, 10], [0, 2, 3, 6, 8], [0, 3, 4, 6, 7], [0, 5, 8, 9, 10], [1, 2, 3, 7, 9], [1, 2, 4, 5, 8], [1, 4, 7, 8, 10], [2, 3, 5, 7, 10], [2, 4, 6, 9, 10], [5, 6, 7, 8, 9]]"
equal_evaluations,QIMA,"(11,11,5,5,2)",3,0,0,18,18,12000,7.3229210719999855,"[[0, 1, 2, 4, 8], [0, 1, 3, 5, 9], [0, 2, 3, 4, 7], [0, 2, 5, 6, 8], [0, 6, 7, 9, 10], [1, 3, 4, 6, 10], [1, 4, 6, 7, 9], [1, 5, 7, 8, 10], [2, 3, 5, 6, 10], [2, 3, 8, 9, 10], [4, 5, 7, 8, 9]]"
equal_evaluations,GA,"(11,11,5,5,2)",3,1,0,0,0,10520,3.521783156999959,"[[0, 1, 2, 3, 6], [0, 1, 5, 9, 10], [0, 2, 7, 8, 9], [0, 3, 4, 7, 10], [0, 4, 5, 6, 8], [1, 2, 4, 8, 10], [1, 3, 5, 7, 8], [1, 4, 6, 7, 9], [2, 3, 4, 5, 9], [2, 5, 6, 7, 10], [3, 6, 8, 9, 10]]"
equal_evaluations,SA,"(11,11,5,5,2)",3,0,0,16,16,12000,1.7325588369999423,"[[0, 1, 2, 4, 7], [0, 1, 3, 5, 9], [0, 2, 7, 8, 10], [0, 3, 4, 6, 10], [0, 5, 6, 8, 9], [1, 2, 3, 6, 8], [1, 2, 6, 7, 9], [1, 4, 5, 6, 10], [2, 4, 5, 9, 10], [3, 4, 5, 7, 8], [3, 7, 8, 9, 10]]"
equal_evaluations,QIMA,"(11,11,5,5,2)",4,0,0,14,14,12000,7.8426652289999765,"[[0, 1, 4, 5, 6], [0, 1, 4, 7, 10], [0, 2, 3, 5, 7], [0, 2, 5, 8, 10], [0, 3, 7, 8, 9], [1, 2, 3, 6, 9], [1, 2, 4, 8, 9], [1, 3, 6, 8, 10], [2, 4, 6, 7, 8], [3, 4, 5, 9, 10], [5, 6, 7, 9, 10]]"
equal_evaluations,GA,"(11,11,5,5,2)",4,0,0,12,12,12000,3.9929722619999666,"[[0, 1, 2, 9, 10], [0, 1, 3, 5, 6], [0, 1, 6, 7, 8], [0, 2, 4, 6, 9], [0, 4, 5, 8, 10], [1, 2, 4, 5, 7], [1, 3, 4, 8, 9], [2, 3, 5, 7, 8], [2, 3, 6, 8, 10], [3, 4, 7, 9, 10], [5, 6, 7, 9, 10]]"
equal_evaluations,SA,"(11,11,5,5,2)",4,0,0,10,10,12000,1.5621458260000054,"[[0, 1, 2, 6, 8], [0, 1, 3, 4, 10], [0, 2, 3, 7, 9], [0, 4, 6, 8, 9], [0, 5, 7, 8, 10], [1, 2, 4, 5, 9], [1, 3, 5, 6, 7], [1, 6, 7, 9, 10], [2, 3, 4, 7, 8], [2, 4, 5, 6, 10], [3, 5, 8, 9, 10]]"
equal_evaluations,QIMA,"(11,11,5,5,2)",5,0,0,18,18,12000,8.02313425200009,"[[0, 1, 2, 3, 7], [0, 1, 4, 5, 9], [0, 2, 3, 9, 10], [0, 2, 5, 8, 10], [0, 6, 7, 8, 9], [1, 2, 5, 6, 8], [1, 3, 4, 8, 10], [1, 3, 6, 9, 10], [2, 4, 6, 7, 9], [3, 4, 5, 7, 8], [4, 5, 6, 7, 10]]"
equal_evaluations,GA,"(11,11,5,5,2)",5,1,0,0,0,7240,2.2817582950000315,"[[0, 1, 2, 4, 8], [0, 1, 6, 7, 9], [0, 2, 3, 5, 6], [0, 3, 7, 8, 10], [0, 4, 5, 9, 10], [1, 2, 3, 9, 10], [1, 3, 4, 5, 7], [1, 5, 6, 8, 10], [2, 4, 6, 7, 10], [2, 5, 7, 8, 9], [3, 4, 6, 8, 9]]"
equal_evaluations,SA,"(11,11,5,5,2)",5,0,0,12,12,12000,1.536490237999942,"[[0, 1, 2, 6, 9], [0, 1, 4, 5, 10], [0, 1, 6, 7, 8], [0, 2, 3, 7, 10], [0, 3, 5, 8, 9], [1, 2, 3, 5, 8], [1, 3, 4, 7, 9], [2, 4, 8, 9, 10], [2, 5, 6, 7, 10], [3, 4, 6, 8, 10], [4, 5, 6, 7, 9]]"
equal_evaluations,QIMA,"(11,11,5,5,2)",6,0,0,20,20,12000,8.078497040000002,"[[0, 1, 2, 7, 10], [0, 1, 4, 5, 6], [0, 2, 4, 6, 8], [0, 3, 5, 8, 10], [0, 4, 5, 7, 9], [1, 2, 3, 5, 9], [1, 2, 6, 8, 9], [1, 3, 4, 7, 8], [2, 3, 4, 7, 10], [3, 6, 7, 9, 10], [5, 6, 8, 9, 10]]"
equal_evaluations,GA,"(11,11,5,5,2)",6,1,0,0,0,8600,2.7104921860000104,"[[0, 1, 2, 5, 6], [0, 1, 3, 7, 8], [0, 2, 3, 4, 10], [0, 4, 5, 7, 9], [0, 6, 8, 9, 10], [1, 2, 7, 9, 10], [1, 3, 4, 6, 9], [1, 4, 5, 8, 10], [2, 3, 5, 8, 9], [2, 4, 6, 7, 8], [3, 5, 6, 7, 10]]"
equal_evaluations,SA,"(11,11,5,5,2)",6,0,0,10,10,12000,1.4090319819999877,"[[0, 1, 2, 4, 10], [0, 1, 5, 8, 9], [0, 2, 3, 6, 9], [0, 2, 3, 7, 8], [0, 4, 5, 6, 7], [1, 2, 5, 6, 8], [1, 3, 4, 7, 9], [1, 3, 5, 7, 10], [2, 4, 5, 9, 10], [3, 4, 6, 8, 10], [6, 7, 8, 9, 10]]"
equal_evaluations,QIMA,"(11,11,5,5,2)",7,0,0,18,18,12000,7.565227451000055,"[[0, 1, 5, 6, 8], [0, 2, 3, 5, 7], [0, 2, 5, 9, 10], [0, 3, 7, 8, 9], [0, 4, 6, 7, 10], [1, 2, 3, 4, 10], [1, 2, 6, 7, 8], [1, 3, 6, 9, 10], [1, 4, 5, 7, 8], [2, 4, 8, 9, 10], [3, 4, 5, 6, 9]]"
equal_evaluations,GA,"(11,11,5,5,2)",7,0,0,8,8,12000,3.8273738479999793,"[[0, 1, 2, 8, 10], [0, 1, 3, 6, 7], [0, 2, 3, 5, 9], [0, 4, 5, 7, 10], [0, 4, 6, 8, 9], [1, 2, 3, 4, 6], [1, 4, 7, 8, 9], [1, 5, 6, 9, 10], [2, 3, 7, 9, 10], [2, 5, 6, 7, 8], [3, 4, 5, 8, 10]]"
equal_evaluations,SA,"(11,11,5,5,2)",7,0,0,12,12,12000,1.4092302550000113,"[[0, 1, 3, 5, 10], [0, 1, 4, 7, 9], [0, 2, 3, 4, 9], [0, 2, 8, 9, 10], [0, 5, 6, 7, 8], [1, 2, 3, 6, 7], [1, 2, 4, 5, 8], [1, 6, 7, 9, 10], [2, 4, 5, 6, 10], [3, 4, 7, 8, 10], [3, 5, 6, 8, 9]]"
equal_evaluations,QIMA,"(11,11,5,5,2)",8,0,0,20,20,12000,7.679326236999941,"[[0, 1, 4, 6, 8], [0, 1, 8, 9, 10], [0, 2, 3, 5, 6], [0, 2, 4, 7, 10], [0, 3, 4, 6, 9], [1, 2, 5, 8, 9], [1, 3, 5, 7, 9], [1, 5, 6, 7, 10], [2, 3, 6, 7, 8], [2, 4, 7, 9, 10], [3, 4, 5, 8, 10]]"
equal_evaluations,GA,"(11,11,5,5,2)",8,1,0,0,0,2480,0.8515213810001114,"[[0, 1, 2, 4, 6], [0, 1, 5, 9, 10], [0, 2, 3, 7, 9], [0, 3, 6, 8, 10], [0, 4, 5, 7, 8], [1, 2, 7, 8, 10], [1, 3, 4, 8, 9], [1, 3, 5, 6, 7], [2, 3, 4, 5, 10], [2, 5, 6, 8, 9], [4, 6, 7, 9, 10]]"
equal_evaluations,SA,"(11,11,5,5,2)",8,0,0,12,12,12000,1.4616089670000747,"[[0, 1, 2, 8, 9], [0, 1, 4, 6, 7], [0, 2, 3, 5, 7], [0, 3, 4, 5, 10], [0, 6, 8, 9, 10], [1, 2, 3, 6, 10], [1, 3, 5, 6, 8], [1, 4, 7, 9, 10], [2, 4, 5, 6, 9], [2, 5, 7, 8, 10], [3, 4, 7, 8, 9]]"
equal_evaluations,QIMA,"(11,11,5,5,2)",9,0,0,18,18,12000,7.7490923590000875,"[[0, 1, 2, 4, 6], [0, 2, 3, 4, 10], [0, 2, 5, 8, 10], [0, 3, 6, 7, 8], [0, 4, 7, 9, 10], [1, 2, 5, 7, 9], [1, 3, 4, 8, 9], [1, 3, 6, 9, 10], [1, 5, 7, 8, 10], [2, 5, 6, 8, 9], [3, 4, 5, 6, 7]]"
equal_evaluations,GA,"(11,11,5,5,2)",9,0,0,8,8,12000,4.016351173000203,"[[0, 1, 3, 4, 6], [0, 1, 7, 9, 10], [0, 2, 4, 8, 10], [0, 2, 5, 6, 9], [0, 3, 5, 7, 8], [1, 2, 4, 5, 7], [1, 5, 6, 8, 10], [1, 6, 7, 8, 9], [2, 3, 4, 8, 9], [2, 3, 6, 7, 10], [3, 4, 5, 9, 10]]"
equal_evaluations,SA,"(11,11,5,5,2)",9,0,0,14,14,12000,1.5768175850000716,"[[0, 1, 3, 7, 10], [0, 1, 5, 9, 10], [0, 2, 3, 6, 8], [0, 2, 4, 6, 9], [0, 4, 5, 7, 8], [1, 2, 5, 6, 10], [1, 2, 7, 8, 9], [1, 3, 4, 5, 6], [2, 3, 5, 7, 9], [3, 4, 8, 9, 10], [4, 6, 7, 8, 10]]"
equal_evaluations,QIMA,"(13,13,4,4,1)",0,0,0,14,14,12000,7.447148919000028,"[[0, 1, 4, 10], [0, 1, 8, 11], [0, 2, 3, 6], [0, 2, 5, 7], [1, 2, 6, 9], [1, 3, 7, 12], [2, 8, 10, 12], [3, 4, 11, 12], [3, 5, 9, 10], [4, 5, 6, 8], [4, 7, 8, 9], [5, 9, 11, 12], [6, 7, 10, 11]]"
equal_evaluations,GA,"(13,13,4,4,1)",0,0,0,12,12,12000,4.130957500000022,"[[0, 1, 3, 5], [0, 2, 8, 12], [0, 4, 7, 12], [0, 6, 9, 11], [1, 2, 7, 9], [1, 6, 8, 11], [1, 9, 10, 12], [2, 3, 4, 11], [2, 4, 6, 10], [3, 5, 6, 12], [3, 7, 8, 10], [4, 5, 8, 9], [5, 7, 10, 11]]"
equal_evaluations,SA,"(13,13,4,4,1)",0,1,0,0,0,10709,1.425903665000078,"[[0, 1, 5, 12], [0, 2, 3, 8], [0, 4, 7, 11], [0, 6, 9, 10], [1, 2, 7, 9], [1, 3, 4, 10], [1, 6, 8, 11], [2, 4, 5, 6], [2, 10, 11, 12], [3, 5, 9, 11], [3, 6, 7, 12], [4, 8, 9, 12], [5, 7, 8, 10]]"
equal_evaluations,QIMA,"(13,13,4,4,1)",1,0,0,16,16,12000,7.5235221249999995,"[[0, 2, 3, 7], [0, 2, 4, 11], [0, 5, 8, 12], [0, 6, 9, 10], [1, 2, 6, 12], [1, 3, 5, 10], [1, 4, 7, 12], [1, 7, 9, 11], [2, 5, 8, 9], [3, 4, 8, 9], [3, 10, 11, 12], [4, 5, 6, 11], [6, 7, 8, 10]]"
equal_evaluations,GA,"(13,13,4,4,1)",1,0,0,8,8,12000,4.2960933019999175,"[[0, 1, 9, 12], [0, 2, 6, 11], [0, 3, 5, 10], [0, 4, 7, 11], [1, 2, 3, 4], [1, 5, 6, 7], [1, 8, 10, 11], [2, 4, 5, 8], [2, 7, 10, 12], [3, 6, 8, 12], [3, 7, 8, 9], [4, 6, 9, 10], [5, 9, 11, 12]]"
equal_evaluations,SA,"(13,13,4,4,1)",1,0,0,8,8,12000,1.607531015999939,"[[0, 1, 6, 10], [0, 1, 11, 12], [0, 2, 5, 7], [0, 3, 4, 9], [1, 2, 3, 8], [1, 4, 7, 9], [2, 4, 10, 12], [2, 6, 9, 11], [3, 5, 6, 12], [3, 7, 10, 11], [4, 5, 8, 11], [5, 8, 9, 10], [6, 7, 8, 12]]"
equal_evaluations,QIMA,"(13,13,4,4,1)",2,0,0,14,14,12000,7.457129619999932,"[[0, 1, 8, 12], [0, 2, 5, 11], [0, 3, 6, 7], [0, 4, 5, 9], [1, 2, 3, 7], [1, 2, 4, 6], [1, 9, 10, 11], [2, 7, 9, 12], [3, 4, 11, 12], [3, 5, 8, 10], [4, 7, 8, 10], [5, 6, 10, 12], [6, 8, 9, 11]]"
equal_evaluations,GA,"(13,13,4,4,1)",2,1,0,0,0,11240,3.9404247700001633,"[[0, 1, 2, 7], [0, 3, 6, 9], [0, 4, 5, 12], [0, 8, 10, 11], [1, 3, 11, 12], [1, 4, 9, 10], [1, 5, 6, 8], [2, 3, 4, 8], [2, 5, 9, 11], [2, 6, 10, 12], [3, 5, 7, 10], [4, 6, 7, 11], [7, 8, 9, 12]]"
equal_evaluations,SA,"(13,13,4,4,1)",2,0,0,8,8,12000,1.4881261210000503,"[[0, 1, 6, 11], [0, 2, 3, 5], [0, 4, 9, 12], [0, 7, 8, 10], [1, 2, 7, 9], [1, 3, 4, 8], [1, 3, 10, 12], [2, 4, 6, 10], [2, 8, 11, 12], [3, 6, 9, 11], [4, 5, 7, 11], [5, 6, 7, 12], [5, 8, 9, 10]]"
equal_evaluations,QIMA,"(13,13,4,4,1)",3,0,0,16,16,12000,7.7351209250000466,"[[0, 1, 2, 3], [0, 5, 8, 12], [0, 6, 7, 10], [0, 8, 9, 11], [1, 2, 11, 12], [1, 4, 5, 7], [1, 4, 6, 8], [2, 4, 5, 9], [2, 7, 8, 10], [3, 4, 10, 11], [3, 5, 6, 11], [3, 7, 9, 12], [6, 9, 10, 12]]"
equal_evaluations,GA,"(13,13,4,4,1)",3,0,0,8,8,12000,4.016573016999928,"[[0, 1, 8, 10], [0, 2, 4, 9], [0, 3, 5, 6], [0, 7, 11, 12], [1, 2, 7, 11], [1, 3, 4, 12], [1, 5, 6, 9], [2, 3, 5, 8], [2, 6, 10, 12], [3, 7, 9, 10], [4, 5, 10, 11], [4, 6, 7, 8], [8, 9, 11, 12]]"
equal_evaluations,SA,"(13,13,4,4,1)",3,0,0,8,8,12000,1.5419891489998463,"[[0, 2, 9, 11], [0, 3, 7, 12], [0, 4, 8, 10], [0, 5, 6, 12], [1, 2, 8, 12], [1, 3, 10, 11], [1, 4, 6, 11], [1, 5, 9, 10], [2, 3, 4, 5], [2, 6, 7, 10], [3, 6, 8, 9], [4, 7, 9, 12], [5, 7, 8, 11]]"
equal_evaluations,QIMA,"(13,13,4,4,1)",4,0,0,8,8,12000,8.312397766999993,"[[0, 1, 4, 6], [0, 2, 7, 9], [0, 3, 10, 11], [0, 7, 8, 12], [1, 2, 7, 11], [1, 3, 5, 12], [1, 8, 9, 10], [2, 3, 6, 8], [2, 4, 10, 12], [3, 4, 5, 9], [4, 5, 8, 11], [5, 6, 7, 10], [6, 9, 11, 12]]"
equal_evaluations,GA,"(13,13,4,4,1)",4,0,0,8,8,12000,4.29731209900001,"[[0, 1, 6, 8], [0, 2, 4, 10], [0, 3, 8, 11], [0, 5, 7, 12], [1, 3, 10, 12], [1, 4, 7, 11], [1, 5, 9, 11], [2, 3, 7, 9], [2, 5, 8, 10], [2, 6, 11, 12], [3, 4, 5, 6], [4, 8, 9, 12], [6, 7, 9, 10]]"
equal_evaluations,SA,"(13,13,4,4,1)",4,1,0,0,0,11759,1.4896284339999966,"[[0, 1, 3, 9], [0, 2, 4, 7], [0, 5, 11, 12], [0, 6, 8, 10], [1, 2, 10, 12], [1, 4, 5, 8], [1, 6, 7, 11], [2, 3, 5, 6], [2, 8, 9, 11], [3, 4, 10, 11], [3, 7, 8, 12], [4, 6, 9, 12], [5, 7, 9, 10]]"
equal_evaluations,QIMA,"(13,13,4,4,1)",5,0,0,16,16,12000,7.162457926999878,"[[0, 1, 3, 9], [0, 2, 6, 10], [0, 4, 5, 7], [0, 8, 9, 12], [1, 2, 4, 11], [1, 3, 7, 12], [1, 5, 6, 8], [2, 3, 5, 8], [2, 4, 6, 12], [3, 4, 9, 10], [5, 10, 11, 12], [6, 7, 9, 11], [7, 8, 10, 11]]"
equal_evaluations,GA,"(13,13,4,4,1)",5,0,0,16,16,12000,4.0680574479999905,"[[0, 1, 6, 9], [0, 2, 4, 10], [0, 5, 10, 12], [0, 7, 8, 11], [1, 2, 6, 8], [1, 3, 4, 5], [1, 7, 10, 12], [2, 3, 6, 7], [2, 5, 9, 11], [3, 8, 9, 12], [3, 9, 10, 11], [4, 5, 7, 8], [4, 6, 11, 12]]"
equal_evaluations,SA,"(13,13,4,4,1)",5,0,0,12,12,12000,1.6256484040000032,"[[0, 1, 4, 9], [0, 2, 5, 12], [0, 3, 9, 11], [0, 6, 8, 10], [1, 2, 7, 10], [1, 3, 5, 8], [1, 6, 11, 12], [2, 3, 4, 6], [2, 8, 9, 10], [3, 4, 7, 12], [4, 5, 10, 11], [5, 6, 7, 9], [7, 8, 11, 12]]"
equal_evaluations,QIMA,"(13,13,4,4,1)",6,0,0,20,20,12000,7.447476358000131,"[[0, 2, 6, 12], [0, 3, 9, 11], [0, 4, 6, 10], [0, 5, 8, 9], [1, 2, 3, 5], [1, 3, 10, 12], [1, 4, 6, 8], [1, 5, 7, 11], [2, 6, 7, 9], [2, 8, 10, 11], [3, 4, 7, 8], [4, 5, 11, 12], [7, 9, 10, 12]]"
equal_evaluations,GA,"(13,13,4,4,1)",6,0,0,8,8,12000,4.15670868899997,"[[0, 2, 8, 12], [0, 3, 4, 10], [0, 5, 7, 11], [0, 6, 9, 12], [1, 2, 4, 7], [1, 3, 6, 8], [1, 4, 9, 11], [1, 5, 10, 12], [2, 3, 5, 9], [2, 6, 10, 11], [3, 7, 11, 12], [4, 5, 6, 8], [7, 8, 9, 10]]"
equal_evaluations,SA,"(13,13,4,4,1)",6,0,0,16,16,12000,1.4285189110000829,"[[0, 1, 9, 11], [0, 3, 4, 12], [0, 5, 6, 8], [0, 7, 9, 10], [1, 2, 4, 5], [1, 3, 6, 7], [1, 6, 10, 12], [2, 3, 8, 10], [2, 4, 6, 11], [2, 7, 11, 12], [3, 5, 9, 12], [4, 7, 8, 9], [5, 8, 10, 11]]"
equal_evaluations,QIMA,"(13,13,4,4,1)",7,0,0,16,16,12000,7.109595435000074,"[[0, 1, 6, 11], [0, 2, 5, 10], [0, 3, 7, 8], [0, 4, 9, 11], [1, 2, 3, 8], [1, 4, 5, 7], [1, 9, 10, 12], [2, 6, 7, 9], [2, 8, 11, 12], [3, 4, 6, 10], [3, 5, 11, 12], [4, 7, 10, 12], [5, 6, 8, 9]]"
equal_evaluations,GA,"(13,13,4,4,1)",7,0,0,14,14,12000,4.205270348999875,"[[0, 1, 2, 3], [0, 4, 5, 12], [0, 5, 6, 9], [0, 7, 8, 10], [1, 4, 8, 9], [1, 5, 7, 11], [1, 6, 10, 12], [2, 3, 7, 12], [2, 4, 7, 9], [2, 6, 8, 11], [3, 4, 6, 11], [3, 5, 8, 10], [9, 10, 11, 12]]"
equal_evaluations,SA,"(13,13,4,4,1)",7,0,2,16,18,12000,1.3939224030000332,"[[0, 1, 4, 11], [0, 2, 8, 9], [0, 3, 7, 12], [0, 6, 9, 11], [1, 2, 10, 12], [1, 3, 5, 8], [1, 6, 7, 8], [2, 3, 4, 11], [2, 5, 7, 11], [3, 6, 9, 10], [4, 5, 6, 12], [4, 7, 9, 10], [8, 10, 11, 12]]"
equal_evaluations,QIMA,"(13,13,4,4,1)",8,0,0,12,12,12000,6.849932265999996,"[[0, 1, 2, 11], [0, 3, 6, 12], [0, 4, 9, 10], [0, 7, 8, 11], [1, 3, 7, 10], [1, 4, 6, 11], [1, 8, 9, 12], [2, 3, 4, 8], [2, 5, 8, 10], [2, 6, 7, 9], [3, 5, 9, 11], [4, 5, 7, 12], [5, 6, 10, 12]]"
equal_evaluations,GA,"(13,13,4,4,1)",8,0,0,12,12,12000,3.8374452640000527,"[[0, 1, 4, 7], [0, 2, 4, 12], [0, 3, 8, 9], [0, 5, 6, 11], [1, 2, 3, 6], [1, 2, 8, 10], [1, 9, 11, 12], [2, 5, 7, 11], [3, 4, 10, 11], [3, 5, 10, 12], [4, 5, 8, 9], [6, 7, 8, 12], [6, 7, 9, 10]]"
equal_evaluations,SA,"(13,13,4,4,1)",8,0,0,8,8,12000,1.450511613000117,"[[0, 1, 4, 5], [0, 2, 8, 11], [0, 3, 10, 12], [0, 6, 7, 9], [1, 2, 9, 10], [1, 3, 5, 6], [1, 7, 8, 12], [2, 3, 4, 7], [2, 6, 11, 12], [3, 4, 9, 11], [4, 6, 8, 10], [5, 7, 10, 11], [5, 8, 9, 12]]"
equal_evaluations,QIMA,"(13,13,4,4,1)",9,0,0,14,14,12000,6.885716505999881,"[[0, 1, 5, 10], [0, 2, 6, 9], [0, 3, 11, 12], [0, 7, 8, 11], [1, 2, 4, 7], [1, 3, 9, 12], [1, 4, 6, 11], [2, 3, 8, 10], [2, 5, 9, 11], [3, 5, 6, 7], [4, 5, 8, 12], [4, 8, 9, 10], [6, 7, 10, 12]]"
equal_evaluations,GA,"(13,13,4,4,1)",9,0,0,8,8,12000,4.343437090999942,"[[0, 1, 11, 12], [0, 3, 9, 12], [0, 4, 5, 7], [0, 6, 8, 10], [1, 2, 5, 6], [1, 3, 7, 8], [1, 4, 9, 10], [2, 3, 5, 10], [2, 4, 8, 12], [2, 7, 9, 11], [3, 4, 6, 11], [5, 8, 9, 11], [6, 7, 10, 12]]"
equal_evaluations,SA,"(13,13,4,4,1)",9,0,0,16,16,12000,1.5893909019998773,"[[0, 1, 5, 7], [0, 2, 6, 12], [0, 3, 4, 12], [0, 8, 10, 11], [1, 3, 8, 9], [1, 6, 7, 10], [1, 9, 11, 12], [2, 3, 7, 8], [2, 4, 7, 11], [2, 5, 9, 10], [3, 5, 6, 11], [4, 5, 8, 12], [4, 6, 9, 10]]"
equal_time,QIMA,"(7,7,3,3,1)",0,1,0,0,0,916,0.41670032100000753,"[[0, 1, 2], [0, 3, 5], [0, 4, 6], [1, 3, 4], [1, 5, 6], [2, 3, 6], [2, 4, 5]]"
equal_time,GA,"(7,7,3,3,1)",0,1,0,0,0,160,0.04181111000002602,"[[0, 1, 5], [0, 2, 6], [0, 3, 4], [1, 2, 4], [1, 3, 6], [2, 3, 5], [4, 5, 6]]"
equal_time,SA,"(7,7,3,3,1)",0,1,0,0,0,1950,0.22987507299990284,"[[0, 1, 6], [0, 2, 4], [0, 3, 5], [1, 2, 5], [1, 3, 4], [2, 3, 6], [4, 5, 6]]"
equal_time,QIMA,"(7,7,3,3,1)",1,1,0,0,0,1672,0.719255548999854,"[[0, 1, 3], [0, 2, 5], [0, 4, 6], [1, 2, 4], [1, 5, 6], [2, 3, 6], [3, 4, 5]]"
equal_time,GA,"(7,7,3,3,1)",1,1,0,0,0,120,0.03210827699990659,"[[0, 1, 6], [0, 2, 5], [0, 3, 4], [1, 2, 4], [1, 3, 5], [2, 3, 6], [4, 5, 6]]"
equal_time,SA,"(7,7,3,3,1)",1,1,0,0,0,3848,0.3759511260000181,"[[0, 1, 3], [0, 2, 5], [0, 4, 6], [1, 2, 6], [1, 4, 5], [2, 3, 4], [3, 5, 6]]"
equal_time,QIMA,"(7,7,3,3,1)",2,1,0,0,0,482,0.21604913199985276,"[[0, 1, 5], [0, 2, 3], [0, 4, 6], [1, 2, 6], [1, 3, 4], [2, 4, 5], [3, 5, 6]]"
equal_time,GA,"(7,7,3,3,1)",2,1,0,0,0,440,0.10745684100015751,"[[0, 1, 3], [0, 2, 5], [0, 4, 6], [1, 2, 6], [1, 4, 5], [2, 3, 4], [3, 5, 6]]"
equal_time,SA,"(7,7,3,3,1)",2,1,0,0,0,3040,0.2950569590000214,"[[0, 1, 5], [0, 2, 4], [0, 3, 6], [1, 2, 3], [1, 4, 6], [2, 5, 6], [3, 4, 5]]"
equal_time,QIMA,"(7,7,3,3,1)",3,1,0,0,0,25,0.018534104000082152,"[[0, 1, 6], [0, 2, 5], [0, 3, 4], [1, 2, 4], [1, 3, 5], [2, 3, 6], [4, 5, 6]]"
equal_time,GA,"(7,7,3,3,1)",3,1,0,0,0,80,0.024858687000005375,"[[0, 1, 5], [0, 2, 6], [0, 3, 4], [1, 2, 4], [1, 3, 6], [2, 3, 5], [4, 5, 6]]"
equal_time,SA,"(7,7,3,3,1)",3,1,0,0,0,10792,1.0905631170001016,"[[0, 1, 6], [0, 2, 5], [0, 3, 4], [1, 2, 3], [1, 4, 5], [2, 4, 6], [3, 5, 6]]"
equal_time,QIMA,"(7,7,3,3,1)",4,1,0,0,0,916,0.40237099399996623,"[[0, 1, 4], [0, 2, 6], [0, 3, 5], [1, 2, 5], [1, 3, 6], [2, 3, 4], [4, 5, 6]]"
equal_time,GA,"(7,7,3,3,1)",4,1,0,0,0,240,0.06420364700011305,"[[0, 1, 3], [0, 2, 4], [0, 5, 6], [1, 2, 6], [1, 4, 5], [2, 3, 5], [3, 4, 6]]"
equal_time,SA,"(7,7,3,3,1)",4,1,0,0,0,2146,0.2121317349999572,"[[0, 1, 5], [0, 2, 3], [0, 4, 6], [1, 2, 4], [1, 3, 6], [2, 5, 6], [3, 4, 5]]"
equal_time,QIMA,"(7,7,3,3,1)",5,1,0,0,0,169,0.05808080199994947,"[[0, 1, 3], [0, 2, 4], [0, 5, 6], [1, 2, 6], [1, 4, 5], [2, 3, 5], [3, 4, 6]]"
equal_time,GA,"(7,7,3,3,1)",5,1,0,0,0,120,0.03560800500008554,"[[0, 1, 6], [0, 2, 5], [0, 3, 4], [1, 2, 3], [1, 4, 5], [2, 4, 6], [3, 5, 6]]"
equal_time,SA,"(7,7,3,3,1)",5,1,0,0,0,5261,0.5119715359999191,"[[0, 1, 5], [0, 2, 3], [0, 4, 6], [1, 2, 4], [1, 3, 6], [2, 5, 6], [3, 4, 5]]"
equal_time,QIMA,"(7,7,3,3,1)",6,1,0,0,0,25,0.019126515000152722,"[[0, 1, 2], [0, 3, 6], [0, 4, 5], [1, 3, 4], [1, 5, 6], [2, 3, 5], [2, 4, 6]]"
equal_time,GA,"(7,7,3,3,1)",6,1,0,0,0,120,0.03951180900003237,"[[0, 1, 4], [0, 2, 5], [0, 3, 6], [1, 2, 6], [1, 3, 5], [2, 3, 4], [4, 5, 6]]"
equal_time,SA,"(7,7,3,3,1)",6,1,0,0,0,78,0.007897194999941348,"[[0, 1, 5], [0, 2, 4], [0, 3, 6], [1, 2, 3], [1, 4, 6], [2, 5, 6], [3, 4, 5]]"
equal_time,QIMA,"(7,7,3,3,1)",7,1,0,0,0,169,0.06065460700006042,"[[0, 1, 6], [0, 2, 3], [0, 4, 5], [1, 2, 4], [1, 3, 5], [2, 5, 6], [3, 4, 6]]"
equal_time,GA,"(7,7,3,3,1)",7,1,0,0,0,160,0.054106392999983655,"[[0, 1, 5], [0, 2, 3], [0, 4, 6], [1, 2, 6], [1, 3, 4], [2, 4, 5], [3, 5, 6]]"
equal_time,SA,"(7,7,3,3,1)",7,1,0,0,0,3665,0.39047841699994024,"[[0, 1, 2], [0, 3, 5], [0, 4, 6], [1, 3, 4], [1, 5, 6], [2, 3, 6], [2, 4, 5]]"
equal_time,QIMA,"(7,7,3,3,1)",8,1,0,0,0,410,0.16945715999986533,"[[0, 1, 2], [0, 3, 5], [0, 4, 6], [1, 3, 6], [1, 4, 5], [2, 3, 4], [2, 5, 6]]"
equal_time,GA,"(7,7,3,3,1)",8,1,0,0,0,160,0.04332349399987834,"[[0, 1, 4], [0, 2, 6], [0, 3, 5], [1, 2, 5], [1, 3, 6], [2, 3, 4], [4, 5, 6]]"
equal_time,SA,"(7,7,3,3,1)",8,1,0,0,0,379,0.038861502999907316,"[[0, 1, 6], [0, 2, 3], [0, 4, 5], [1, 2, 5], [1, 3, 4], [2, 4, 6], [3, 5, 6]]"
equal_time,QIMA,"(7,7,3,3,1)",9,1,0,0,0,241,0.11266164099993148,"[[0, 1, 2], [0, 3, 5], [0, 4, 6], [1, 3, 4], [1, 5, 6], [2, 3, 6], [2, 4, 5]]"
equal_time,GA,"(7,7,3,3,1)",9,1,0,0,0,80,0.026047381999887875,"[[0, 1, 2], [0, 3, 4], [0, 5, 6], [1, 3, 6], [1, 4, 5], [2, 3, 5], [2, 4, 6]]"
equal_time,SA,"(7,7,3,3,1)",9,1,0,0,0,905,0.08863732100007837,"[[0, 1, 6], [0, 2, 3], [0, 4, 5], [1, 2, 4], [1, 3, 5], [2, 5, 6], [3, 4, 6]]"
equal_time,QIMA,"(6,10,5,3,2)",0,1,0,0,0,25,0.02264358299999003,"[[0, 1, 2], [0, 1, 3], [0, 2, 4], [0, 3, 5], [0, 4, 5], [1, 2, 5], [1, 3, 4], [1, 4, 5], [2, 3, 4], [2, 3, 5]]"
equal_time,GA,"(6,10,5,3,2)",0,1,0,0,0,80,0.027489956999943388,"[[0, 1, 4], [0, 1, 5], [0, 2, 3], [0, 2, 4], [0, 3, 5], [1, 2, 3], [1, 2, 5], [1, 3, 4], [2, 4, 5], [3, 4, 5]]"
equal_time,SA,"(6,10,5,3,2)",0,1,0,0,0,2778,0.3091309830001592,"[[0, 1, 2], [0, 1, 4], [0, 2, 5], [0, 3, 4], [0, 3, 5], [1, 2, 3], [1, 3, 5], [1, 4, 5], [2, 3, 4], [2, 4, 5]]"
equal_time,QIMA,"(6,10,5,3,2)",1,1,0,0,0,675,0.3877668560000984,"[[0, 1, 2], [0, 1, 5], [0, 2, 3], [0, 3, 4], [0, 4, 5], [1, 2, 4], [1, 3, 4], [1, 3, 5], [2, 3, 5], [2, 4, 5]]"
equal_time,GA,"(6,10,5,3,2)",1,1,0,0,0,80,0.03054441700010102,"[[0, 1, 2], [0, 1, 5], [0, 2, 3], [0, 3, 4], [0, 4, 5], [1, 2, 4], [1, 3, 4], [1, 3, 5], [2, 3, 5], [2, 4, 5]]"
equal_time,SA,"(6,10,5,3,2)",1,1,0,0,0,5951,0.6434864039999866,"[[0, 1, 2], [0, 1, 3], [0, 2, 4], [0, 3, 5], [0, 4, 5], [1, 2, 5], [1, 3, 4], [1, 4, 5], [2, 3, 4], [2, 3, 5]]"
equal_time,QIMA,"(6,10,5,3,2)",2,1,0,0,0,651,0.33125972399989223,"[[0, 1, 2], [0, 1, 5], [0, 2, 3], [0, 3, 4], [0, 4, 5], [1, 2, 4], [1, 3, 4], [1, 3, 5], [2, 3, 5], [2, 4, 5]]"
equal_time,GA,"(6,10,5,3,2)",2,1,0,0,0,40,0.015178757000057885,"[[0, 1, 2], [0, 1, 4], [0, 2, 5], [0, 3, 4], [0, 3, 5], [1, 2, 3], [1, 3, 5], [1, 4, 5], [2, 3, 4], [2, 4, 5]]"
equal_time,SA,"(6,10,5,3,2)",2,1,0,0,0,2465,0.24764670600006866,"[[0, 1, 2], [0, 1, 3], [0, 2, 4], [0, 3, 5], [0, 4, 5], [1, 2, 5], [1, 3, 4], [1, 4, 5], [2, 3, 4], [2, 3, 5]]"
equal_time,QIMA,"(6,10,5,3,2)",3,1,0,0,0,434,0.23269417400001657,"[[0, 1, 2], [0, 1, 5], [0, 2, 3], [0, 3, 4], [0, 4, 5], [1, 2, 4], [1, 3, 4], [1, 3, 5], [2, 3, 5], [2, 4, 5]]"
equal_time,GA,"(6,10,5,3,2)",3,1,0,0,0,800,0.20595671799992488,"[[0, 1, 2], [0, 1, 5], [0, 2, 3], [0, 3, 4], [0, 4, 5], [1, 2, 4], [1, 3, 4], [1, 3, 5], [2, 3, 5], [2, 4, 5]]"
equal_time,SA,"(6,10,5,3,2)",3,1,0,0,0,5033,0.520879104999949,"[[0, 1, 3], [0, 1, 5], [0, 2, 4], [0, 2, 5], [0, 3, 4], [1, 2, 3], [1, 2, 4], [1, 4, 5], [2, 3, 5], [3, 4, 5]]"
equal_time,QIMA,"(6,10,5,3,2)",4,1,0,0,0,989,0.5955909070000871,"[[0, 1, 2], [0, 1, 4], [0, 2, 3], [0, 3, 5], [0, 4, 5], [1, 2, 5], [1, 3, 4], [1, 3, 5], [2, 3, 4], [2, 4, 5]]"
equal_time,GA,"(6,10,5,3,2)",4,1,0,0,0,120,0.058239815999968414,"[[0, 1, 4], [0, 1, 5], [0, 2, 3], [0, 2, 4], [0, 3, 5], [1, 2, 3], [1, 2, 5], [1, 3, 4], [2, 4, 5], [3, 4, 5]]"
equal_time,SA,"(6,10,5,3,2)",4,1,0,0,0,6352,0.7379321560001699,"[[0, 1, 4], [0, 1, 5], [0, 2, 3], [0, 2, 4], [0, 3, 5], [1, 2, 3], [1, 2, 5], [1, 3, 4], [2, 4, 5], [3, 4, 5]]"
equal_time,QIMA,"(6,10,5,3,2)",5,1,0,0,0,217,0.11399541200012209,"[[0, 1, 2], [0, 1, 5], [0, 2, 3], [0, 3, 4], [0, 4, 5], [1, 2, 4], [1, 3, 4], [1, 3, 5], [2, 3, 5], [2, 4, 5]]"
equal_time,GA,"(6,10,5,3,2)",5,1,0,0,0,120,0.038528885000005175,"[[0, 1, 3], [0, 1, 4], [0, 2, 4], [0, 2, 5], [0, 3, 5], [1, 2, 3], [1, 2, 5], [1, 4, 5], [2, 3, 4], [3, 4, 5]]"
equal_time,SA,"(6,10,5,3,2)",5,1,0,0,0,1422,0.14318364199993994,"[[0, 1, 2], [0, 1, 5], [0, 2, 4], [0, 3, 4], [0, 3, 5], [1, 2, 3], [1, 3, 4], [1, 4, 5], [2, 3, 5], [2, 4, 5]]"
equal_time,QIMA,"(6,10,5,3,2)",6,1,0,0,0,1816,0.9443122189998121,"[[0, 1, 2], [0, 1, 4], [0, 2, 3], [0, 3, 5], [0, 4, 5], [1, 2, 5], [1, 3, 4], [1, 3, 5], [2, 3, 4], [2, 4, 5]]"
equal_time,GA,"(6,10,5,3,2)",6,1,0,0,0,240,0.07231673599994792,"[[0, 1, 3], [0, 1, 4], [0, 2, 3], [0, 2, 5], [0, 4, 5], [1, 2, 4], [1, 2, 5], [1, 3, 5], [2, 3, 4], [3, 4, 5]]"
equal_time,SA,"(6,10,5,3,2)",6,1,0,0,0,8847,0.9611922999999933,"[[0, 1, 4], [0, 1, 5], [0, 2, 3], [0, 2, 5], [0, 3, 4], [1, 2, 3], [1, 2, 4], [1, 3, 5], [2, 4, 5], [3, 4, 5]]"
equal_time,QIMA,"(6,10,5,3,2)",7,1,0,0,0,892,0.4955497070000092,"[[0, 1, 2], [0, 1, 5], [0, 2, 3], [0, 3, 4], [0, 4, 5], [1, 2, 4], [1, 3, 4], [1, 3, 5], [2, 3, 5], [2, 4, 5]]"
equal_time,GA,"(6,10,5,3,2)",7,1,0,0,0,120,0.0352700939999977,"[[0, 1, 2], [0, 1, 3], [0, 2, 5], [0, 3, 4], [0, 4, 5], [1, 2, 4], [1, 3, 5], [1, 4, 5], [2, 3, 4], [2, 3, 5]]"
equal_time,SA,"(6,10,5,3,2)",7,1,0,0,0,2874,0.2932091370000762,"[[0, 1, 2], [0, 1, 5], [0, 2, 4], [0, 3, 4], [0, 3, 5], [1, 2, 3], [1, 3, 4], [1, 4, 5], [2, 3, 5], [2, 4, 5]]"
equal_time,QIMA,"(6,10,5,3,2)",8,1,0,0,0,748,0.4691142620001756,"[[0, 1, 4], [0, 1, 5], [0, 2, 3], [0, 2, 4], [0, 3, 5], [1, 2, 3], [1, 2, 5], [1, 3, 4], [2, 4, 5], [3, 4, 5]]"
equal_time,GA,"(6,10,5,3,2)",8,1,0,0,0,80,0.030657335999876523,"[[0, 1, 3], [0, 1, 4], [0, 2, 3], [0, 2, 5], [0, 4, 5], [1, 2, 4], [1, 2, 5], [1, 3, 5], [2, 3, 4], [3, 4, 5]]"
equal_time,SA,"(6,10,5,3,2)",8,1,0,0,0,6788,0.7947494699999424,"[[0, 1, 2], [0, 1, 3], [0, 2, 5], [0, 3, 4], [0, 4, 5], [1, 2, 4], [1, 3, 5], [1, 4, 5], [2, 3, 4], [2, 3, 5]]"
equal_time,QIMA,"(6,10,5,3,2)",9,1,0,0,0,482,0.2870244769999317,"[[0, 1, 3], [0, 1, 5], [0, 2, 3], [0, 2, 4], [0, 4, 5], [1, 2, 4], [1, 2, 5], [1, 3, 4], [2, 3, 5], [3, 4, 5]]"
equal_time,GA,"(6,10,5,3,2)",9,1,0,0,0,560,0.18912724799997704,"[[0, 1, 3], [0, 1, 5], [0, 2, 3], [0, 2, 4], [0, 4, 5], [1, 2, 4], [1, 2, 5], [1, 3, 4], [2, 3, 5], [3, 4, 5]]"
equal_time,SA,"(6,10,5,3,2)",9,1,0,0,0,2270,0.23677213099995242,"[[0, 1, 2], [0, 1, 5], [0, 2, 3], [0, 3, 4], [0, 4, 5], [1, 2, 4], [1, 3, 4], [1, 3, 5], [2, 3, 5], [2, 4, 5]]"
equal_time,QIMA,"(9,12,4,3,1)",0,0,0,4,4,3159,2.0004142170000705,"[[0, 1, 6], [0, 2, 4], [0, 3, 8], [0, 5, 7], [1, 2, 3], [1, 4, 5], [1, 7, 8], [2, 5, 8], [2, 6, 7], [3, 4, 8], [3, 5, 6], [4, 6, 7]]"
equal_time,GA,"(9,12,4,3,1)",0,0,0,4,4,6596,2.000077446999967,"[[0, 1, 8], [0, 2, 4], [0, 3, 6], [0, 5, 7], [1, 2, 6], [1, 4, 5], [1, 6, 7], [2, 3, 5], [2, 7, 8], [3, 4, 7], [3, 4, 8], [5, 6, 8]]"
equal_time,SA,"(9,12,4,3,1)",0,0,0,4,4,16344,2.000072075000162,"[[0, 1, 3], [0, 2, 4], [0, 4, 6], [0, 5, 8], [1, 2, 6], [1, 4, 8], [1, 5, 7], [2, 3, 8], [2, 5, 7], [3, 4, 7], [3, 5, 6], [6, 7, 8]]"
equal_time,QIMA,"(9,12,4,3,1)",1,1,0,0,0,1455,1.0281159339999704,"[[0, 1, 7], [0, 2, 6], [0, 3, 5], [0, 4, 8], [1, 2, 5], [1, 3, 4], [1, 6, 8], [2, 3, 8], [2, 4, 7], [3, 6, 7], [4, 5, 6], [5, 7, 8]]"
equal_time,GA,"(9,12,4,3,1)",1,1,0,0,0,2040,0.6675993329999983,"[[0, 1, 6], [0, 2, 3], [0, 4, 5], [0, 7, 8], [1, 2, 8], [1, 3, 5], [1, 4, 7], [2, 4, 6], [2, 5, 7], [3, 4, 8], [3, 6, 7], [5, 6, 8]]"
equal_time,SA,"(9,12,4,3,1)",1,0,0,4,4,15662,2.000103828999954,"[[0, 1, 6], [0, 2, 7], [0, 3, 4], [0, 5, 8], [1, 3, 7], [1, 4, 5], [1, 6, 8], [2, 3, 8], [2, 4, 6], [2, 5, 7], [3, 5, 6], [4, 7, 8]]"
equal_time,QIMA,"(9,12,4,3,1)",2,0,0,6,6,3368,2.000785978000067,"[[0, 1, 8], [0, 2, 6], [0, 3, 7], [0, 4, 5], [1, 2, 4], [1, 3, 6], [1, 5, 6], [2, 3, 5], [2, 4, 7], [3, 4, 8], [5, 7, 8], [6, 7, 8]]"
equal_time,GA,"(9,12,4,3,1)",2,1,0,0,0,1680,0.6047863149999557,"[[0, 1, 5], [0, 2, 3], [0, 4, 6], [0, 7, 8], [1, 2, 6], [1, 3, 8], [1, 4, 7], [2, 4, 8], [2, 5, 7], [3, 4, 5], [3, 6, 7], [5, 6, 8]]"
equal_time,SA,"(9,12,4,3,1)",2,0,0,4,4,16313,2.0000486050000745,"[[0, 1, 3], [0, 1, 4], [0, 2, 8], [0, 5, 6], [1, 5, 8], [1, 6, 7], [2, 3, 7], [2, 4, 6], [2, 5, 7], [3, 4, 5], [3, 6, 8], [4, 7, 8]]"
equal_time,QIMA,"(9,12,4,3,1)",3,0,0,6,6,3684,2.000851105000038,"[[0, 1, 5], [0, 2, 3], [0, 4, 6], [0, 6, 7], [1, 2, 6], [1, 3, 8], [1, 4, 7], [2, 4, 8], [2, 5, 7], [3, 4, 5], [3, 6, 8], [5, 7, 8]]"
equal_time,GA,"(9,12,4,3,1)",3,1,0,0,0,3520,1.039239352000095,"[[0, 1, 5], [0, 2, 8], [0, 3, 7], [0, 4, 6], [1, 2, 3], [1, 4, 7], [1, 6, 8], [2, 4, 5], [2, 6, 7], [3, 4, 8], [3, 5, 6], [5, 7, 8]]"
equal_time,SA,"(9,12,4,3,1)",3,0,0,4,4,17379,2.0000791289999142,"[[0, 1, 8], [0, 2, 7], [0, 4, 5], [0, 5, 6], [1, 2, 5], [1, 3, 7], [1, 4, 6], [2, 3, 4], [2, 6, 8], [3, 5, 8], [3, 6, 7], [4, 7, 8]]"
equal_time,QIMA,"(9,12,4,3,1)",4,0,0,4,4,3582,2.000071958000035,"[[0, 1, 8], [0, 3, 4], [0, 5, 6], [0, 6, 7], [1, 2, 7], [1, 3, 5], [1, 4, 6], [2, 3, 6], [2, 4, 8], [2, 5, 8], [3, 7, 8], [4, 5, 7]]"
equal_time,GA,"(9,12,4,3,1)",4,1,0,0,0,1920,0.5796614250000403,"[[0, 1, 8], [0, 2, 7], [0, 3, 4], [0, 5, 6], [1, 2, 6], [1, 3, 5], [1, 4, 7], [2, 3, 8], [2, 4, 5], [3, 6, 7], [4, 6, 8], [5, 7, 8]]"
equal_time,SA,"(9,12,4,3,1)",4,1,0,0,0,14049,1.6500021150000066,"[[0, 1, 2], [0, 3, 5], [0, 4, 7], [0, 6, 8], [1, 3, 6], [1, 4, 8], [1, 5, 7], [2, 3, 4], [2, 5, 8], [2, 6, 7], [3, 7, 8], [4, 5, 6]]"
equal_time,QIMA,"(9,12,4,3,1)",5,0,0,6,6,3550,2.0006245800000215,"[[0, 1, 4], [0, 2, 3], [0, 6, 7], [0, 6, 8], [1, 2, 8], [1, 3, 7], [1, 4, 5], [2, 4, 6], [2, 5, 7], [3, 5, 6], [3, 5, 8], [4, 7, 8]]"
equal_time,GA,"(9,12,4,3,1)",5,1,0,0,0,1240,0.3902927220001402,"[[0, 1, 5], [0, 2, 8], [0, 3, 6], [0, 4, 7], [1, 2, 6], [1, 3, 4], [1, 7, 8], [2, 3, 7], [2, 4, 5], [3, 5, 8], [4, 6, 8], [5, 6, 7]]"
equal_time,SA,"(9,12,4,3,1)",5,0,0,4,4,16886,2.000078607999967,"[[0, 2, 4], [0, 3, 5], [0, 4, 7], [0, 6, 8], [1, 2, 5], [1, 3, 7], [1, 3, 8], [1, 4, 6], [2, 3, 6], [2, 7, 8], [4, 5, 8], [5, 6, 7]]"
equal_time,QIMA,"(9,12,4,3,1)",6,0,0,6,6,3347,2.0008569750000333,"[[0, 1, 3], [0, 2, 8], [0, 4, 5], [0, 6, 7], [1, 2, 6], [1, 3, 7], [1, 4, 5], [2, 3, 8], [2, 4, 7], [3, 5, 6], [4, 6, 8], [5, 7, 8]]"
equal_time,GA,"(9,12,4,3,1)",6,1,0,0,0,1440,0.43045368100001724,"[[0, 1, 8], [0, 2, 4], [0, 3, 5], [0, 6, 7], [1, 2, 5], [1, 3, 6], [1, 4, 7], [2, 3, 7], [2, 6, 8], [3, 4, 8], [4, 5, 6], [5, 7, 8]]"
equal_time,SA,"(9,12,4,3,1)",6,0,0,4,4,17500,2.0000350499999513,"[[0, 1, 6], [0, 2, 4], [0, 3, 7], [0, 5, 8], [1, 2, 8], [1, 4, 8], [1, 5, 7], [2, 3, 5], [2, 6, 7], [3, 4, 7], [3, 6, 8], [4, 5, 6]]"
equal_time,QIMA,"(9,12,4,3,1)",7,0,0,4,4,3432,2.000040793999915,"[[0, 1, 7], [0, 2, 3], [0, 3, 8], [0, 4, 5], [1, 2, 8], [1, 3, 4], [1, 5, 6], [2, 4, 6], [2, 5, 7], [3, 6, 7], [4, 7, 8], [5, 6, 8]]"
equal_time,GA,"(9,12,4,3,1)",7,1,0,0,0,3440,1.162285453999857,"[[0, 1, 4], [0, 2, 6], [0, 3, 5], [0, 7, 8], [1, 2, 3], [1, 5, 7], [1, 6, 8], [2, 4, 7], [2, 5, 8], [3, 4, 8], [3, 6, 7], [4, 5, 6]]"
equal_time,SA,"(9,12,4,3,1)",7,1,0,0,0,12530,1.5564517329999035,"[[0, 1, 4], [0, 2, 3], [0, 5, 7], [0, 6, 8], [1, 2, 6], [1, 3, 5], [1, 7, 8], [2, 4, 7], [2, 5, 8], [3, 4, 8], [3, 6, 7], [4, 5, 6]]"
equal_time,QIMA,"(9,12,4,3,1)",8,0,0,4,4,3097,2.0001151870001195,"[[0, 1, 6], [0, 2, 3], [0, 4, 5], [0, 7, 8], [1, 2, 5], [1, 3, 8], [1, 4, 7], [2, 3, 6], [2, 4, 8], [3, 5, 7], [4, 6, 7], [5, 6, 8]]"
equal_time,GA,"(9,12,4,3,1)",8,1,0,0,0,2880,0.9940340170001036,"[[0, 1, 8], [0, 2, 7], [0, 3, 4], [0, 5, 6], [1, 2, 6], [1, 3, 7], [1, 4, 5], [2, 3, 5], [2, 4, 8], [3, 6, 8], [4, 6, 7], [5, 7, 8]]"
equal_time,SA,"(9,12,4,3,1)",8,0,0,4,4,15599,2.0000787690000834,"[[0, 1, 3], [0, 2, 6], [0, 5, 7], [0, 6, 8], [1, 2, 4], [1, 5, 8], [1, 6, 7], [2, 3, 5], [2, 7, 8], [3, 4, 7], [3, 4, 8], [4, 5, 6]]"
equal_time,QIMA,"(9,12,4,3,1)",9,0,0,6,6,3243,2.000132214999894,"[[0, 1, 7], [0, 2, 6], [0, 3, 4], [0, 3, 8], [1, 2, 3], [1, 4, 6], [1, 5, 8], [2, 4, 7], [2, 5, 6], [3, 5, 7], [4, 5, 8], [6, 7, 8]]"
equal_time,GA,"(9,12,4,3,1)",9,0,0,4,4,6120,2.0001965510000446,"[[0, 1, 6], [0, 2, 8], [0, 3, 5], [0, 4, 7], [1, 3, 8], [1, 4, 5], [1, 7, 8], [2, 3, 4], [2, 5, 6], [2, 5, 7], [3, 6, 7], [4, 6, 8]]"
equal_time,SA,"(9,12,4,3,1)",9,0,0,6,6,14542,2.0001004040000225,"[[0, 2, 3], [0, 3, 8], [0, 4, 7], [0, 5, 6], [1, 2, 5], [1, 2, 7], [1, 4, 6], [1, 6, 8], [2, 4, 8], [3, 4, 5], [3, 6, 7], [5, 7, 8]]"
equal_time,QIMA,"(7,14,6,3,2)",0,0,0,4,4,2828,2.0007024700000784,"[[0, 1, 4], [0, 1, 5], [0, 2, 3], [0, 2, 6], [0, 3, 4], [0, 5, 6], [1, 2, 3], [1, 2, 5], [1, 3, 6], [1, 4, 6], [2, 3, 4], [2, 4, 5], [3, 5, 6], [4, 5, 6]]"
equal_time,GA,"(7,14,6,3,2)",0,1,0,0,0,1240,0.3799346470000273,"[[0, 1, 2], [0, 1, 6], [0, 2, 3], [0, 3, 4], [0, 4, 5], [0, 5, 6], [1, 2, 5], [1, 3, 4], [1, 3, 6], [1, 4, 5], [2, 3, 5], [2, 4, 6], [2, 4, 6], [3, 5, 6]]"
equal_time,SA,"(7,14,6,3,2)",0,0,0,4,4,16733,2.0000238459999764,"[[0, 1, 3], [0, 1, 6], [0, 2, 3], [0, 2, 5], [0, 4, 5], [0, 4, 6], [1, 2, 5], [1, 3, 4], [1, 4, 5], [1, 5, 6], [2, 3, 4], [2, 3, 6], [2, 4, 6], [3, 5, 6]]"
equal_time,QIMA,"(7,14,6,3,2)",1,0,0,4,4,2938,2.0001127599998654,"[[0, 1, 5], [0, 1, 5], [0, 2, 3], [0, 2, 4], [0, 3, 6], [0, 4, 6], [1, 2, 3], [1, 2, 6], [1, 3, 5], [1, 4, 6], [2, 4, 5], [2, 5, 6], [3, 4, 5], [3, 4, 6]]"
equal_time,GA,"(7,14,6,3,2)",1,1,0,0,0,1120,0.3627178560000175,"[[0, 1, 2], [0, 1, 6], [0, 2, 5], [0, 3, 4], [0, 3, 6], [0, 4, 5], [1, 2, 3], [1, 3, 5], [1, 4, 5], [1, 4, 6], [2, 3, 4], [2, 4, 6], [2, 5, 6], [3, 5, 6]]"
equal_time,SA,"(7,14,6,3,2)",1,1,0,0,0,9860,1.1432877169997937,"[[0, 1, 5], [0, 1, 6], [0, 2, 3], [0, 2, 4], [0, 3, 5], [0, 4, 6], [1, 2, 3], [1, 2, 6], [1, 3, 4], [1, 4, 5], [2, 4, 5], [2, 5, 6], [3, 4, 6], [3, 5, 6]]"
equal_time,QIMA,"(7,14,6,3,2)",2,0,0,4,4,2785,2.0002026150000347,"[[0, 1, 2], [0, 1, 3], [0, 2, 4], [0, 3, 4], [0, 4, 6], [0, 5, 6], [1, 2, 4], [1, 3, 6], [1, 4, 5], [1, 5, 6], [2, 3, 5], [2, 3, 6], [2, 5, 6], [3, 4, 5]]"
equal_time,GA,"(7,14,6,3,2)",2,1,0,0,0,1320,0.40694521199998235,"[[0, 1, 2], [0, 1, 5], [0, 2, 4], [0, 3, 4], [0, 3, 6], [0, 5, 6], [1, 2, 3], [1, 3, 6], [1, 4, 5], [1, 4, 6], [2, 3, 5], [2, 4, 6], [2, 5, 6], [3, 4, 5]]"
equal_time,SA,"(7,14,6,3,2)",2,1,0,0,0,2441,0.29040411699998003,"[[0, 1, 3], [0, 1, 4], [0, 2, 3], [0, 2, 6], [0, 4, 5], [0, 5, 6], [1, 2, 5], [1, 2, 5], [1, 3, 6], [1, 4, 6], [2, 3, 4], [2, 4, 6], [3, 4, 5], [3, 5, 6]]"
equal_time,QIMA,"(7,14,6,3,2)",3,0,0,4,4,3027,2.0006019090001246,"[[0, 1, 5], [0, 1, 6], [0, 2, 4], [0, 3, 4], [0, 3, 5], [0, 3, 6], [1, 2, 3], [1, 2, 4], [1, 2, 5], [1, 4, 6], [2, 3, 6], [2, 5, 6], [3, 4, 5], [4, 5, 6]]"
equal_time,GA,"(7,14,6,3,2)",3,1,0,0,0,400,0.1411440639999455,"[[0, 1, 3], [0, 1, 5], [0, 2, 3], [0, 2, 6], [0, 4, 5], [0, 4, 6], [1, 2, 4], [1, 2, 6], [1, 3, 4], [1, 5, 6], [2, 3, 5], [2, 4, 5], [3, 4, 6], [3, 5, 6]]"
equal_time,SA,"(7,14,6,3,2)",3,1,0,0,0,9764,1.103065431999994,"[[0, 1, 3], [0, 1, 4], [0, 2, 5], [0, 2, 6], [0, 3, 6], [0, 4, 5], [1, 2, 4], [1, 2, 6], [1, 3, 5], [1, 5, 6], [2, 3, 4], [2, 3, 5], [3, 4, 6], [4, 5, 6]]"
equal_time,QIMA,"(7,14,6,3,2)",4,0,0,6,6,3011,2.0013214400000834,"[[0, 1, 5], [0, 1, 6], [0, 2, 4], [0, 2, 6], [0, 3, 5], [0, 3, 6], [1, 2, 3], [1, 2, 5], [1, 3, 4], [1, 4, 5], [2, 3, 5], [2, 4, 6], [3, 4, 6], [4, 5, 6]]"
equal_time,GA,"(7,14,6,3,2)",4,1,0,0,0,1480,0.4796678120001161,"[[0, 1, 3], [0, 1, 6], [0, 2, 3], [0, 2, 6], [0, 4, 5], [0, 4, 5], [1, 2, 4], [1, 2, 5], [1, 3, 4], [1, 5, 6], [2, 3, 5], [2, 4, 6], [3, 4, 6], [3, 5, 6]]"
equal_time,SA,"(7,14,6,3,2)",4,1,0,0,0,5548,0.6996119509999517,"[[0, 1, 2], [0, 1, 3], [0, 2, 4], [0, 3, 6], [0, 4, 5], [0, 5, 6], [1, 2, 6], [1, 3, 5], [1, 4, 5], [1, 4, 6], [2, 3, 4], [2, 3, 5], [2, 5, 6], [3, 4, 6]]"
equal_time,QIMA,"(7,14,6,3,2)",5,0,0,4,4,2940,2.0001463490000333,"[[0, 1, 4], [0, 1, 5], [0, 2, 3], [0, 2, 6], [0, 3, 4], [0, 5, 6], [1, 2, 3], [1, 2, 5], [1, 3, 6], [1, 4, 6], [2, 3, 4], [2, 4, 5], [3, 5, 6], [4, 5, 6]]"
equal_time,GA,"(7,14,6,3,2)",5,1,0,0,0,3320,1.0661304640000253,"[[0, 1, 3], [0, 1, 4], [0, 2, 5], [0, 2, 5], [0, 3, 6], [0, 4, 6], [1, 2, 3], [1, 2, 6], [1, 4, 5], [1, 5, 6], [2, 3, 4], [2, 4, 6], [3, 4, 5], [3, 5, 6]]"
equal_time,SA,"(7,14,6,3,2)",5,1,0,0,0,10880,1.3127516009999454,"[[0, 1, 5], [0, 1, 6], [0, 2, 3], [0, 2, 4], [0, 3, 6], [0, 4, 5], [1, 2, 3], [1, 2, 5], [1, 3, 4], [1, 4, 6], [2, 4, 6], [2, 5, 6], [3, 4, 5], [3, 5, 6]]"
equal_time,QIMA,"(7,14,6,3,2)",6,0,0,4,4,2891,2.0001959890000762,"[[0, 1, 3], [0, 1, 4], [0, 1, 5], [0, 2, 5], [0, 2, 6], [0, 3, 6], [1, 2, 5], [1, 2, 6], [1, 4, 6], [2, 3, 4], [2, 3, 4], [3, 4, 5], [3, 5, 6], [4, 5, 6]]"
equal_time,GA,"(7,14,6,3,2)",6,1,0,0,0,80,0.03489350699987881,"[[0, 1, 2], [0, 1, 5], [0, 2, 4], [0, 3, 4], [0, 3, 6], [0, 5, 6], [1, 2, 6], [1, 3, 4], [1, 3, 5], [1, 4, 6], [2, 3, 5], [2, 3, 6], [2, 4, 5], [4, 5, 6]]"
equal_time,SA,"(7,14,6,3,2)",6,1,0,0,0,14899,1.8001853079999819,"[[0, 1, 4], [0, 1, 4], [0, 2, 3], [0, 2, 6], [0, 3, 5], [0, 5, 6], [1, 2, 5], [1, 2, 6], [1, 3, 5], [1, 3, 6], [2, 3, 4], [2, 4, 5], [3, 4, 6], [4, 5, 6]]"
equal_time,QIMA,"(7,14,6,3,2)",7,0,0,4,4,3048,2.0010166160000153,"[[0, 1, 6], [0, 2, 5], [0, 2, 6], [0, 3, 4], [0, 3, 5], [0, 4, 6], [1, 2, 3], [1, 2, 5], [1, 3, 6], [1, 4, 5], [1, 4, 5], [2, 3, 4], [2, 4, 6], [3, 5, 6]]"
equal_time,GA,"(7,14,6,3,2)",7,1,0,0,0,560,0.18728928499990616,"[[0, 1, 3], [0, 1, 6], [0, 2, 5], [0, 2, 6], [0, 3, 4], [0, 4, 5], [1, 2, 4], [1, 2, 5], [1, 3, 5], [1, 4, 6], [2, 3, 4], [2, 3, 6], [3, 5, 6], [4, 5, 6]]"
equal_time,SA,"(7,14,6,3,2)",7,1,0,0,0,9859,1.1399560059999203,"[[0, 1, 3], [0, 1, 4], [0, 2, 4], [0, 2, 6], [0, 3, 5], [0, 5, 6], [1, 2, 3], [1, 2, 5], [1, 4, 6], [1, 5, 6], [2, 3, 6], [2, 4, 5], [3, 4, 5], [3, 4, 6]]"
equal_time,QIMA,"(7,14,6,3,2)",8,0,0,4,4,2787,2.0011249330000282,"[[0, 1, 4], [0, 1, 6], [0, 2, 3], [0, 2, 5], [0, 2, 6], [0, 3, 4], [1, 2, 3], [1, 2, 5], [1, 3, 6], [1, 4, 5], [2, 4, 6], [3, 4, 5], [3, 5, 6], [4, 5, 6]]"
equal_time,GA,"(7,14,6,3,2)",8,1,0,0,0,4840,1.4805882170001041,"[[0, 1, 2], [0, 1, 6], [0, 2, 5], [0, 3, 4], [0, 3, 5], [0, 4, 6], [1, 2, 3], [1, 3, 4], [1, 4, 5], [1, 5, 6], [2, 3, 6], [2, 4, 5], [2, 4, 6], [3, 5, 6]]"
equal_time,SA,"(7,14,6,3,2)",8,1,0,0,0,10191,1.2356357040000603,"[[0, 1, 2], [0, 1, 6], [0, 2, 3], [0, 3, 5], [0, 4, 5], [0, 4, 6], [1, 2, 5], [1, 3, 4], [1, 3, 6], [1, 4, 5], [2, 3, 4], [2, 4, 6], [2, 5, 6], [3, 5, 6]]"
equal_time,QIMA,"(7,14,6,3,2)",9,0,0,4,4,3093,2.000159722000035,"[[0, 1, 2], [0, 1, 4], [0, 2, 6], [0, 3, 5], [0, 3, 6], [0, 4, 5], [1, 2, 6], [1, 3, 4], [1, 3, 5], [1, 5, 6], [2, 3, 5], [2, 4, 5], [2, 4, 6], [3, 4, 6]]"
equal_time,GA,"(7,14,6,3,2)",9,1,0,0,0,520,0.1682677930000409,"[[0, 1, 2], [0, 1, 4], [0, 2, 5], [0, 3, 4], [0, 3, 6], [0, 5, 6], [1, 2, 3], [1, 3, 5], [1, 4, 6], [1, 5, 6], [2, 3, 6], [2, 4, 5], [2, 4, 6], [3, 4, 5]]"
equal_time,SA,"(7,14,6,3,2)",9,0,0,4,4,16706,2.0000332179999987,"[[0, 1, 3], [0, 1, 3], [0, 2, 4], [0, 2, 6], [0, 4, 5], [0, 5, 6], [1, 2, 5], [1, 2, 6], [1, 4, 6], [1, 5, 6], [2, 3, 4], [2, 3, 5], [3, 4, 5], [3, 4, 6]]"
equal_time,QIMA,"(11,11,5,5,2)",0,0,0,18,18,3136,2.0001020649999646,"[[0, 1, 3, 5, 10], [0, 1, 3, 8, 9], [0, 2, 4, 5, 8], [0, 2, 4, 6, 10], [0, 5, 6, 7, 9], [1, 2, 3, 5, 7], [1, 2, 6, 8, 9], [1, 4, 6, 7, 10], [2, 3, 7, 8, 10], [3, 4, 5, 6, 9], [4, 7, 8, 9, 10]]"
equal_time,GA,"(11,11,5,5,2)",0,0,0,8,8,6451,2.000156138999955,"[[0, 1, 2, 5, 6], [0, 1, 7, 8, 9], [0, 2, 4, 8, 10], [0, 3, 4, 5, 9], [0, 3, 6, 7, 10], [1, 2, 3, 4, 7], [1, 3, 6, 9, 10], [1, 4, 5, 8, 10], [2, 3, 5, 6, 8], [2, 5, 7, 9, 10], [4, 6, 7, 8, 9]]"
equal_time,SA,"(11,11,5,5,2)",0,0,0,14,14,16696,2.0000669630001084,"[[0, 1, 2, 3, 9], [0, 1, 5, 7, 8], [0, 1, 5, 9, 10], [0, 2, 3, 4, 10], [0, 4, 6, 7, 9], [1, 2, 4, 6, 8], [1, 3, 6, 7, 10], [2, 3, 5, 6, 7], [2, 7, 8, 9, 10], [3, 4, 5, 8, 9], [4, 5, 6, 8, 10]]"
equal_time,QIMA,"(11,11,5,5,2)",1,0,0,22,22,2849,2.0009728649999943,"[[0, 1, 2, 3, 5], [0, 1, 4, 5, 8], [0, 1, 6, 9, 10], [0, 3, 8, 9, 10], [0, 4, 7, 8, 10], [1, 2, 4, 6, 9], [1, 3, 6, 7, 8], [2, 3, 4, 7, 9], [2, 4, 5, 7, 10], [2, 5, 6, 8, 9], [3, 5, 6, 7, 10]]"
equal_time,GA,"(11,11,5,5,2)",1,0,0,12,12,5560,2.0001129459999447,"[[0, 1, 7, 9, 10], [0, 2, 3, 8, 9], [0, 2, 5, 6, 7], [0, 3, 4, 5, 9], [0, 4, 6, 8, 10], [1, 2, 3, 6, 10], [1, 2, 4, 7, 9], [1, 3, 4, 6, 7], [1, 5, 6, 8, 9], [2, 4, 5, 8, 10], [3, 5, 7, 8, 10]]"
equal_time,SA,"(11,11,5,5,2)",1,0,0,16,16,17297,2.0000309029999244,"[[0, 1, 2, 7, 10], [0, 1, 3, 5, 10], [0, 2, 3, 4, 5], [0, 3, 6, 7, 9], [0, 4, 8, 9, 10], [1, 2, 3, 6, 8], [1, 4, 6, 8, 9], [1, 5, 7, 8, 9], [2, 4, 5, 6, 7], [2, 5, 6, 9, 10], [3, 4, 7, 8, 10]]"
equal_time,QIMA,"(11,11,5,5,2)",2,0,0,20,20,3049,2.000031521999972,"[[0, 1, 2, 3, 6], [0, 1, 6, 7, 8], [0, 2, 4, 5, 9], [0, 3, 7, 9, 10], [0, 4, 5, 7, 10], [1, 2, 5, 9, 10], [1, 3, 4, 5, 6], [1, 3, 5, 8, 10], [2, 3, 4, 7, 8], [2, 6, 7, 8, 9], [4, 6, 8, 9, 10]]"
equal_time,GA,"(11,11,5,5,2)",2,1,0,0,0,5120,1.6912059840001348,"[[0, 1, 3, 8, 9], [0, 1, 4, 6, 10], [0, 2, 4, 5, 8], [0, 2, 7, 9, 10], [0, 3, 5, 6, 7], [1, 2, 3, 4, 7], [1, 2, 5, 6, 9], [1, 5, 7, 8, 10], [2, 3, 6, 8, 10], [3, 4, 5, 9, 10], [4, 6, 7, 8, 9]]"
equal_time,SA,"(11,11,5,5,2)",2,0,0,18,18,16402,2.000011428000107,"[[0, 1, 2, 5, 6], [0, 1, 3, 8, 10], [0, 2, 3, 4, 7], [0, 4, 6, 8, 9], [0, 5, 7, 9, 10], [1, 2, 6, 7, 8], [1, 3, 4, 5, 7], [1, 3, 4, 9, 10], [2, 4, 6, 9, 10], [2, 5, 7, 8, 10], [3, 5, 6, 8, 9]]"
equal_time,QIMA,"(11,11,5,5,2)",3,0,0,18,18,3082,2.0021354190000693,"[[0, 1, 2, 4, 8], [0, 1, 3, 5, 9], [0, 2, 3, 4, 7], [0, 2, 5, 6, 8], [0, 6, 7, 9, 10], [1, 3, 4, 6, 10], [1, 4, 6, 7, 9], [1, 5, 7, 8, 10], [2, 3, 5, 6, 10], [2, 3, 8, 9, 10], [4, 5, 7, 8, 9]]"
equal_time,GA,"(11,11,5,5,2)",3,0,0,12,12,5400,2.000173603999883,"[[0, 1, 2, 3, 7], [0, 1, 5, 9, 10], [0, 2, 6, 8, 9], [0, 3, 4, 6, 10], [0, 4, 5, 7, 8], [1, 2, 4, 8, 10], [1, 2, 5, 6, 7], [1, 4, 6, 7, 9], [2, 3, 4, 5, 9], [3, 5, 7, 8, 10], [3, 6, 8, 9, 10]]"
equal_time,SA,"(11,11,5,5,2)",3,0,0,12,12,16913,2.0000605379998433,"[[0, 1, 2, 7, 10], [0, 1, 4, 5, 6], [0, 2, 3, 8, 9], [0, 3, 4, 5, 10], [0, 4, 7, 8, 9], [1, 2, 3, 4, 7], [1, 2, 5, 8, 9], [1, 3, 6, 8, 10], [2, 4, 6, 9, 10], [3, 5, 6, 7, 9], [5, 6, 7, 8, 10]]"
equal_time,QIMA,"(11,11,5,5,2)",4,0,0,18,18,3228,2.000397122000095,"[[0, 1, 2, 5, 8], [0, 1, 3, 4, 9], [0, 2, 6, 8, 9], [0, 3, 7, 8, 10], [0, 4, 5, 7, 10], [1, 2, 7, 9, 10], [1, 3, 4, 6, 10], [1, 5, 6, 7, 9], [2, 3, 4, 6, 7], [2, 4, 5, 8, 9], [3, 5, 6, 8, 10]]"
equal_time,GA,"(11,11,5,5,2)",4,0,0,12,12,5598,2.0000343399999565,"[[0, 1, 2, 9, 10], [0, 1, 3, 5, 6], [0, 1, 6, 7, 8], [0, 2, 4, 6, 9], [0, 4, 5, 8, 10], [1, 2, 4, 5, 7], [1, 3, 4, 8, 9], [2, 3, 5, 7, 8], [2, 3, 6, 8, 10], [3, 4, 7, 9, 10], [5, 6, 7, 9, 10]]"
equal_time,SA,"(11,11,5,5,2)",4,0,0,12,12,15805,2.0000948770000377,"[[0, 1, 3, 7, 10], [0, 1, 4, 6, 9], [0, 2, 3, 8, 9], [0, 2, 4, 6, 7], [0, 5, 8, 9, 10], [1, 2, 3, 6, 10], [1, 2, 5, 7, 8], [1, 3, 4, 5, 8], [2, 4, 5, 9, 10], [3, 5, 6, 7, 9], [4, 6, 7, 8, 10]]"
equal_time,QIMA,"(11,11,5,5,2)",5,0,0,22,22,2725,2.0000935779999054,"[[0, 1, 3, 9, 10], [0, 2, 4, 6, 8], [0, 2, 5, 7, 9], [0, 3, 6, 7, 10], [0, 5, 8, 9, 10], [1, 2, 3, 6, 8], [1, 2, 4, 7, 10], [1, 3, 7, 8, 9], [1, 4, 5, 6, 8], [2, 3, 4, 5, 10], [4, 5, 6, 7, 9]]"
equal_time,GA,"(11,11,5,5,2)",5,0,0,8,8,6134,2.0000447879999683,"[[0, 1, 2, 4, 8], [0, 1, 5, 9, 10], [0, 2, 3, 5, 6], [0, 3, 7, 8, 10], [0, 4, 6, 7, 9], [1, 2, 3, 6, 9], [1, 3, 4, 5, 7], [1, 5, 6, 8, 10], [2, 4, 6, 7, 10], [2, 5, 7, 8, 9], [3, 4, 8, 9, 10]]"
equal_time,SA,"(11,11,5,5,2)",5,0,0,18,18,14017,2.0000595650001287,"[[0, 1, 4, 5, 7], [0, 1, 8, 9, 10], [0, 2, 3, 6, 9], [0, 2, 5, 6, 8], [0, 3, 4, 7, 10], [1, 2, 3, 7, 8], [1, 3, 6, 9, 10], [1, 4, 5, 6, 8], [2, 3, 4, 5, 9], [2, 4, 6, 7, 10], [5, 7, 8, 9, 10]]"
equal_time,QIMA,"(11,11,5,5,2)",6,0,0,20,20,2065,2.0015978900000846,"[[0, 1, 2, 7, 10], [0, 1, 4, 5, 6], [0, 2, 4, 6, 8], [0, 3, 5, 8, 10], [0, 4, 5, 7, 9], [1, 2, 3, 5, 9], [1, 2, 6, 8, 9], [1, 3, 4, 7, 8], [2, 3, 4, 7, 10], [3, 6, 7, 9, 10], [5, 6, 8, 9, 10]]"
equal_time,GA,"(11,11,5,5,2)",6,0,0,8,8,5520,2.0001124749999235,"[[0, 1, 2, 5, 6], [0, 1, 3, 7, 8], [0, 2, 3, 4, 10], [0, 4, 7, 9, 10], [0, 5, 6, 8, 9], [1, 2, 7, 9, 10], [1, 3, 4, 6, 9], [1, 4, 5, 8, 10], [2, 3, 5, 8, 9], [2, 4, 6, 7, 8], [3, 5, 6, 7, 10]]"
equal_time,SA,"(11,11,5,5,2)",6,0,0,18,18,16665,2.000014181999859,"[[0, 1, 3, 9, 10], [0, 1, 6, 7, 8], [0, 2, 3, 4, 7], [0, 3, 7, 8, 9], [0, 5, 6, 8, 10], [1, 2, 3, 6, 10], [1, 4, 5, 6, 9], [1, 4, 5, 7, 10], [2, 3, 4, 5, 8], [2, 4, 8, 9, 10], [2, 5, 6, 7, 9]]"
equal_time,QIMA,"(11,11,5,5,2)",7,0,0,18,18,3074,2.0001751160000367,"[[0, 1, 5, 6, 8], [0, 2, 3, 5, 7], [0, 2, 5, 9, 10], [0, 3, 7, 8, 9], [0, 4, 6, 7, 10], [1, 2, 3, 4, 10], [1, 2, 6, 7, 8], [1, 3, 6, 9, 10], [1, 4, 5, 7, 8], [2, 4, 8, 9, 10], [3, 4, 5, 6, 9]]"
equal_time,GA,"(11,11,5,5,2)",7,0,0,12,12,5840,2.0000716790000297,"[[0, 1, 2, 3, 8], [0, 1, 6, 7, 10], [0, 3, 5, 6, 9], [0, 4, 5, 7, 10], [0, 4, 6, 8, 9], [1, 2, 3, 4, 6], [1, 2, 5, 9, 10], [1, 4, 7, 8, 9], [2, 3, 7, 9, 10], [2, 5, 6, 7, 8], [3, 4, 5, 8, 10]]"
equal_time,SA,"(11,11,5,5,2)",7,0,0,14,14,16718,2.0000206920001347,"[[0, 1, 2, 5, 9], [0, 1, 3, 4, 10], [0, 2, 3, 8, 10], [0, 4, 5, 6, 8], [0, 6, 7, 9, 10], [1, 2, 4, 6, 7], [1, 3, 6, 7, 8], [1, 5, 8, 9, 10], [2, 3, 5, 7, 10], [2, 4, 6, 8, 9], [3, 4, 5, 7, 9]]"
equal_time,QIMA,"(11,11,5,5,2)",8,0,0,20,20,3201,2.0002607469998566,"[[0, 1, 4, 6, 8], [0, 1, 8, 9, 10], [0, 2, 3, 5, 6], [0, 2, 4, 7, 10], [0, 3, 4, 6, 9], [1, 2, 5, 8, 9], [1, 3, 5, 7, 9], [1, 5, 6, 7, 10], [2, 3, 6, 7, 8], [2, 4, 7, 9, 10], [3, 4, 5, 8, 10]]"
equal_time,GA,"(11,11,5,5,2)",8,1,0,0,0,2480,0.8153222470000401,"[[0, 1, 2, 4, 6], [0, 1, 5, 9, 10], [0, 2, 3, 7, 9], [0, 3, 6, 8, 10], [0, 4, 5, 7, 8], [1, 2, 7, 8, 10], [1, 3, 4, 8, 9], [1, 3, 5, 6, 7], [2, 3, 4, 5, 10], [2, 5, 6, 8, 9], [4, 6, 7, 9, 10]]"
equal_time,SA,"(11,11,5,5,2)",8,0,0,14,14,16825,2.0000768500001413,"[[0, 1, 2, 3, 5], [0, 1, 3, 4, 6], [0, 2, 4, 9, 10], [0, 3, 6, 8, 10], [0, 5, 7, 8, 10], [1, 2, 6, 7, 8], [1, 4, 7, 8, 9], [1, 5, 6, 9, 10], [2, 3, 7, 9, 10], [2, 4, 5, 6, 7], [3, 4, 5, 8, 9]]"
equal_time,QIMA,"(11,11,5,5,2)",9,0,0,22,22,3098,2.0000294270000722,"[[0, 1, 3, 4, 5], [0, 1, 3, 7, 8], [0, 2, 3, 5, 6], [0, 4, 6, 8, 10], [0, 4, 7, 9, 10], [1, 2, 5, 9, 10], [1, 2, 6, 7, 8], [1, 3, 6, 9, 10], [2, 3, 5, 7, 10], [2, 4, 6, 8, 9], [4, 5, 7, 8, 9]]"
equal_time,GA,"(11,11,5,5,2)",9,0,0,8,8,6120,2.0001103759998387,"[[0, 1, 3, 4, 6], [0, 1, 7, 9, 10], [0, 2, 4, 8, 10], [0, 2, 5, 6, 9], [0, 3, 5, 7, 8], [1, 2, 4, 5, 7], [1, 5, 6, 8, 10], [1, 6, 7, 8, 9], [2, 3, 4, 8, 9], [2, 3, 6, 7, 10], [3, 4, 5, 9, 10]]"
equal_time,SA,"(11,11,5,5,2)",9,0,0,14,14,17009,2.000023324999802,"[[0, 1, 3, 4, 10], [0, 1, 7, 8, 9], [0, 2, 3, 6, 7], [0, 2, 4, 5, 7], [0, 5, 6, 8, 10], [1, 2, 4, 6, 8], [1, 4, 5, 6, 9], [1, 5, 7, 9, 10], [2, 3, 5, 8, 9], [2, 3, 6, 9, 10], [3, 4, 7, 8, 10]]"
equal_time,QIMA,"(13,13,4,4,1)",0,0,0,18,18,3818,2.000044407000132,"[[0, 1, 2, 9], [0, 3, 5, 7], [0, 4, 10, 11], [0, 6, 8, 12], [1, 3, 4, 10], [1, 5, 8, 11], [1, 6, 7, 9], [2, 3, 11, 12], [2, 4, 6, 8], [2, 5, 7, 11], [3, 8, 9, 10], [4, 7, 9, 12], [5, 6, 10, 12]]"
equal_time,GA,"(13,13,4,4,1)",0,0,0,12,12,5760,2.000101441999959,"[[0, 1, 3, 5], [0, 2, 8, 12], [0, 4, 7, 12], [0, 6, 9, 11], [1, 2, 7, 9], [1, 6, 8, 11], [1, 9, 10, 12], [2, 3, 4, 11], [2, 4, 6, 10], [3, 5, 6, 12], [3, 7, 8, 10], [4, 5, 8, 9], [5, 7, 10, 11]]"
equal_time,SA,"(13,13,4,4,1)",0,0,0,8,8,15571,2.0000431799999205,"[[0, 1, 6, 7], [0, 2, 5, 10], [0, 3, 11, 12], [0, 4, 7, 8], [1, 2, 8, 11], [1, 3, 9, 10], [1, 4, 5, 12], [2, 3, 7, 12], [2, 4, 6, 9], [3, 5, 6, 8], [4, 6, 10, 11], [5, 7, 9, 11], [8, 9, 10, 12]]"
equal_time,QIMA,"(13,13,4,4,1)",1,0,0,20,20,2844,2.0010588400000415,"[[0, 1, 8, 12], [0, 2, 5, 6], [0, 3, 9, 10], [0, 4, 7, 12], [1, 2, 4, 11], [1, 3, 7, 11], [1, 5, 8, 9], [2, 3, 5, 12], [2, 7, 8, 10], [3, 4, 6, 9], [4, 6, 8, 10], [5, 10, 11, 12], [6, 7, 9, 11]]"
equal_time,GA,"(13,13,4,4,1)",1,0,0,14,14,5440,2.000219182999899,"[[0, 1, 3, 9], [0, 2, 6, 11], [0, 4, 7, 11], [0, 5, 10, 12], [1, 2, 3, 4], [1, 5, 6, 7], [1, 8, 10, 11], [2, 7, 8, 9], [2, 7, 10, 12], [3, 4, 5, 8], [3, 6, 8, 12], [4, 6, 9, 10], [5, 9, 11, 12]]"
equal_time,SA,"(13,13,4,4,1)",1,1,0,0,0,14284,1.830525869999974,"[[0, 1, 2, 11], [0, 3, 6, 8], [0, 4, 9, 12], [0, 5, 7, 10], [1, 3, 5, 12], [1, 4, 7, 8], [1, 6, 9, 10], [2, 3, 7, 9], [2, 4, 5, 6], [2, 8, 10, 12], [3, 4, 10, 11], [5, 8, 9, 11], [6, 7, 11, 12]]"
equal_time,QIMA,"(13,13,4,4,1)",2,0,0,16,16,3291,2.0002895869999975,"[[0, 1, 3, 8], [0, 2, 7, 10], [0, 3, 4, 9], [0, 6, 11, 12], [1, 2, 5, 11], [1, 2, 9, 12], [1, 4, 6, 7], [2, 6, 8, 9], [3, 5, 6, 10], [3, 7, 11, 12], [4, 5, 7, 8], [4, 9, 10, 11], [5, 8, 10, 12]]"
equal_time,GA,"(13,13,4,4,1)",2,0,0,12,12,5240,2.000254611999935,"[[0, 2, 6, 12], [0, 3, 6, 9], [0, 4, 9, 10], [0, 8, 10, 11], [1, 2, 7, 10], [1, 3, 11, 12], [1, 4, 5, 12], [1, 5, 6, 8], [2, 3, 4, 8], [2, 5, 9, 11], [3, 5, 7, 10], [4, 6, 7, 11], [7, 8, 9, 12]]"
equal_time,SA,"(13,13,4,4,1)",2,1,0,0,0,15012,1.8487207079999735,"[[0, 1, 8, 11], [0, 2, 3, 6], [0, 4, 9, 10], [0, 5, 7, 12], [1, 2, 7, 9], [1, 3, 4, 5], [1, 6, 10, 12], [2, 4, 8, 12], [2, 5, 10, 11], [3, 7, 8, 10], [3, 9, 11, 12], [4, 6, 7, 11], [5, 6, 8, 9]]"
equal_time,QIMA,"(13,13,4,4,1)",3,0,0,22,22,3159,2.0002704329999688,"[[0, 1, 7, 11], [0, 2, 3, 10], [0, 4, 6, 8], [0, 5, 7, 9], [1, 2, 4, 11], [1, 3, 8, 9], [1, 6, 9, 12], [2, 3, 6, 7], [2, 5, 8, 12], [3, 4, 5, 10], [4, 9, 11, 12], [5, 8, 10, 11], [6, 7, 10, 12]]"
equal_time,GA,"(13,13,4,4,1)",3,0,0,12,12,5920,2.0002575109999725,"[[0, 1, 8, 10], [0, 2, 4, 9], [0, 3, 5, 6], [0, 9, 11, 12], [1, 2, 7, 11], [1, 3, 4, 12], [1, 5, 6, 9], [2, 3, 5, 8], [2, 6, 10, 12], [3, 7, 9, 10], [4, 5, 10, 11], [4, 7, 8, 12], [6, 7, 8, 11]]"
equal_time,SA,"(13,13,4,4,1)",3,0,2,14,16,15638,2.0000311240000883,"[[0, 1, 6, 11], [0, 2, 3, 7], [0, 4, 8, 10], [0, 8, 9, 12], [1, 2, 5, 8], [1, 3, 4, 12], [1, 7, 9, 10], [2, 4, 5, 11], [2, 4, 6, 9], [2, 10, 11, 12], [3, 5, 6, 9], [3, 7, 8, 11], [5, 6, 7, 12]]"
equal_time,QIMA,"(13,13,4,4,1)",4,0,0,8,8,3621,2.0010696800000005,"[[0, 1, 4, 6], [0, 2, 7, 9], [0, 3, 10, 11], [0, 7, 8, 12], [1, 2, 7, 11], [1, 3, 5, 12], [1, 8, 9, 10], [2, 3, 6, 8], [2, 4, 10, 12], [3, 4, 5, 9], [4, 5, 8, 11], [5, 6, 7, 10], [6, 9, 11, 12]]"
equal_time,GA,"(13,13,4,4,1)",4,0,0,12,12,5600,2.000298917000009,"[[0, 1, 2, 6], [0, 2, 4, 10], [0, 3, 8, 11], [0, 5, 7, 12], [1, 3, 10, 12], [1, 4, 7, 11], [1, 5, 9, 11], [2, 3, 7, 9], [2, 5, 8, 10], [3, 4, 5, 6], [4, 8, 9, 12], [6, 7, 9, 10], [6, 8, 11, 12]]"
equal_time,SA,"(13,13,4,4,1)",4,0,0,18,18,15963,2.0000746580001305,"[[0, 1, 2, 3], [0, 4, 5, 8], [0, 4, 6, 11], [0, 6, 7, 12], [1, 3, 6, 9], [1, 4, 10, 12], [1, 5, 7, 8], [2, 4, 7, 9], [2, 5, 9, 12], [2, 6, 8, 10], [3, 5, 10, 11], [3, 7, 11, 12], [8, 9, 10, 11]]"
equal_time,QIMA,"(13,13,4,4,1)",5,0,0,22,22,3064,2.0008217320000767,"[[0, 1, 6, 11], [0, 2, 7, 11], [0, 4, 10, 12], [0, 5, 8, 9], [1, 2, 4, 5], [1, 3, 9, 12], [1, 6, 8, 10], [2, 3, 4, 6], [2, 8, 11, 12], [3, 5, 10, 11], [3, 7, 9, 12], [4, 7, 8, 9], [5, 6, 7, 10]]"
equal_time,GA,"(13,13,4,4,1)",5,0,0,16,16,6040,2.000118917000009,"[[0, 1, 6, 9], [0, 2, 4, 10], [0, 5, 10, 12], [0, 7, 8, 11], [1, 2, 6, 8], [1, 3, 4, 5], [1, 7, 10, 12], [2, 3, 6, 7], [2, 5, 9, 11], [3, 8, 9, 12], [3, 9, 10, 11], [4, 5, 7, 8], [4, 6, 11, 12]]"
equal_time,SA,"(13,13,4,4,1)",5,0,0,12,12,16076,2.0000990169999113,"[[0, 1, 5, 12], [0, 2, 8, 9], [0, 3, 7, 10], [0, 4, 6, 11], [1, 2, 3, 6], [1, 2, 10, 11], [1, 4, 7, 9], [2, 4, 10, 12], [3, 4, 8, 12], [3, 5, 9, 11], [5, 6, 8, 10], [5, 7, 8, 11], [6, 7, 9, 12]]"
equal_time,QIMA,"(13,13,4,4,1)",6,0,0,22,22,3133,2.000412423999933,"[[0, 1, 3, 9], [0, 2, 7, 12], [0, 3, 11, 12], [0, 4, 8, 10], [1, 2, 5, 10], [1, 4, 5, 7], [1, 6, 7, 8], [2, 3, 6, 11], [2, 8, 9, 12], [3, 5, 6, 9], [4, 5, 8, 11], [4, 6, 10, 12], [7, 9, 10, 11]]"
equal_time,GA,"(13,13,4,4,1)",6,0,0,14,14,5520,2.000138162999974,"[[0, 2, 8, 12], [0, 3, 4, 10], [0, 5, 7, 11], [0, 6, 9, 12], [1, 2, 3, 9], [1, 3, 6, 8], [1, 4, 9, 11], [1, 5, 10, 12], [2, 4, 5, 7], [2, 6, 10, 11], [3, 7, 11, 12], [4, 5, 6, 8], [7, 8, 9, 10]]"
equal_time,SA,"(13,13,4,4,1)",6,0,4,14,18,16132,2.000037915000121,"[[0, 1, 3, 11], [0, 1, 6, 7], [0, 2, 5, 10], [0, 4, 8, 12], [1, 2, 4, 5], [1, 8, 10, 12], [2, 3, 6, 12], [2, 7, 8, 9], [3, 5, 7, 12], [4, 6, 9, 10], [4, 7, 10, 11], [5, 6, 8, 11], [5, 9, 11, 12]]"
equal_time,QIMA,"(13,13,4,4,1)",7,0,0,16,16,3759,2.000167741999803,"[[0, 1, 6, 11], [0, 2, 5, 10], [0, 3, 7, 8], [0, 4, 9, 11], [1, 2, 3, 8], [1, 4, 5, 7], [1, 9, 10, 12], [2, 6, 7, 9], [2, 8, 11, 12], [3, 4, 6, 10], [3, 5, 11, 12], [4, 7, 10, 12], [5, 6, 8, 9]]"
equal_time,GA,"(13,13,4,4,1)",7,0,0,14,14,5240,2.000284431999944,"[[0, 1, 2, 3], [0, 4, 5, 12], [0, 5, 6, 9], [0, 7, 8, 10], [1, 4, 8, 9], [1, 5, 7, 11], [1, 6, 10, 12], [2, 3, 7, 12], [2, 4, 7, 9], [2, 6, 8, 11], [3, 4, 6, 11], [3, 5, 8, 10], [9, 10, 11, 12]]"
equal_time,SA,"(13,13,4,4,1)",7,0,0,8,8,15731,2.0000510079999003,"[[0, 1, 3, 6], [0, 2, 5, 9], [0, 4, 5, 10], [0, 7, 8, 12], [1, 2, 4, 12], [1, 7, 10, 11], [1, 8, 9, 11], [2, 3, 8, 10], [2, 5, 6, 7], [3, 4, 7, 9], [3, 5, 11, 12], [4, 6, 8, 11], [6, 9, 10, 12]]"
equal_time,QIMA,"(13,13,4,4,1)",8,0,0,18,18,3116,2.001280874000031,"[[0, 1, 3, 4], [0, 1, 6, 11], [0, 2, 5, 12], [0, 7, 9, 10], [1, 2, 3, 10], [1, 7, 8, 9], [2, 3, 6, 7], [2, 4, 8, 11], [3, 5, 9, 11], [4, 5, 6, 10], [4, 7, 11, 12], [5, 8, 10, 12], [6, 8, 9, 12]]"
equal_time,GA,"(13,13,4,4,1)",8,0,0,12,12,5640,2.000266569000132,"[[0, 1, 4, 7], [0, 2, 4, 12], [0, 3, 8, 9], [0, 5, 6, 11], [1, 2, 3, 6], [1, 2, 8, 10], [1, 9, 11, 12], [2, 5, 7, 11], [3, 4, 10, 11], [3, 5, 10, 12], [4, 5, 8, 9], [6, 7, 8, 12], [6, 7, 9, 10]]"
equal_time,SA,"(13,13,4,4,1)",8,0,2,10,12,15774,2.0000600769999437,"[[0, 1, 5, 9], [0, 2, 3, 10], [0, 4, 8, 12], [0, 6, 7, 11], [1, 2, 6, 8], [1, 3, 11, 12], [1, 4, 7, 10], [2, 4, 5, 11], [2, 7, 8, 9], [3, 4, 6, 9], [3, 5, 7, 8], [5, 9, 10, 12], [6, 8, 10, 11]]"
equal_time,QIMA,"(13,13,4,4,1)",9,0,2,14,16,2936,2.001085170999886,"[[0, 1, 3, 8], [0, 2, 5, 7], [0, 2, 9, 12], [0, 4, 10, 11], [1, 2, 4, 6], [1, 5, 9, 10], [1, 7, 11, 12], [2, 3, 10, 11], [3, 4, 5, 12], [3, 4, 7, 9], [5, 6, 8, 11], [6, 8, 9, 10], [7, 8, 10, 12]]"
equal_time,GA,"(13,13,4,4,1)",9,0,0,16,16,5653,2.0000558560000172,"[[0, 1, 11, 12], [0, 3, 4, 9], [0, 4, 8, 10], [0, 5, 6, 7], [1, 2, 6, 8], [1, 3, 7, 8], [1, 9, 10, 12], [2, 3, 5, 10], [2, 4, 5, 12], [2, 7, 9, 11], [3, 4, 6, 11], [5, 8, 9, 11], [6, 7, 10, 12]]"
equal_time,SA,"(13,13,4,4,1)",9,1,0,0,0,14737,1.8004809770000065,"[[0, 1, 3, 9], [0, 2, 4, 8], [0, 5, 6, 12], [0, 7, 10, 11], [1, 2, 5, 10], [1, 4, 7, 12], [1, 6, 8, 11], [2, 3, 11, 12], [2, 6, 7, 9], [3, 4, 6, 10], [3, 5, 7, 8], [4, 5, 9, 11], [8, 9, 10, 12]]"
